Series Name,Series Code,Country Name,Country Code,2005 [YR2005],2006 [YR2006],2007 [YR2007],2008 [YR2008],2009 [YR2009],2010 [YR2010],2011 [YR2011],2012 [YR2012],2013 [YR2013],2014 [YR2014],2015 [YR2015],2016 [YR2016],2017 [YR2017],2018 [YR2018],2019 [YR2019],2020 [YR2020],2021 [YR2021]
Access to electricity (% of population),EG.ELC.ACCS.ZS,Afghanistan,AFG,28.6696720123291,33.5444183349609,38.4400024414063,42.4,48.2790069580078,42.7,43.2220189082037,69.1,68.0408782958984,89.5,71.5,97.7,97.7,93.4308776855469,97.7,97.7,97.7
Access to electricity (% of population),EG.ELC.ACCS.ZS,Albania,ALB,99.3711242675781,99.3893661499023,99.4284515380859,100,99.5544509887695,99.6442031860352,99.7186431884766,99.9,99.8903121948242,99.95,99.98,99.89,99.89,100,100,100,100
Access to electricity (% of population),EG.ELC.ACCS.ZS,Algeria,DZA,98.6143188476563,98.7,98.6852493286133,99.3,98.8248596191406,98.9109039306641,99.0026550292969,98.7646604654583,99.1879272460938,99.2745513916016,99.3561935424805,99.4336929321289,99.5300216674805,99.6377410888672,99.5,99.7187728881836,99.7878265380859
Access to electricity (% of population),EG.ELC.ACCS.ZS,American Samoa,ASM,..,..,..,..,..,..,..,..,..,..,..,..,..,..,..,..,..
Access to electricity (% of population),EG.ELC.ACCS.ZS,Andorra,AND,100,100,100,100,100,100,100,100,100,100,100,100,100,100,100,100,100
Access to electricity (% of population),EG.ELC.ACCS.ZS,Angola,AGO,29.4483089447021,30.5203876495361,37.5,38.49,33.8469772338867,34.980052947998,34.6,37.2594909667969,38.3981781005859,32,42,41.7850341796875,42.9062423706055,45.29,45.6338806152344,46.9554443359375,48.2238540649414
Access to electricity (% of population),EG.ELC.ACCS.ZS,Antigua and Barbuda,ATG,92.2,100,100,100,98.5305938720703,98.6913757324219,94.5520140336941,100,100,100,100,100,100,100,100,100,100
Access to electricity (% of population),EG.ELC.ACCS.ZS,Argentina,ARG,96.7252655029297,96.9644088745117,97.2243957519531,97.5016021728516,97.7922058105469,98.82,99.0342864990234,99.143798828125,99.285774230957,100,99.6890335083008,99.8997421264648,100,99.9937362670898,100,100,100
Access to electricity (% of population),EG.ELC.ACCS.ZS,Armenia,ARM,99.8,99.1136932373047,99.1537857055664,99.2111129760742,99.2818145751953,99.8,99.4946136474609,99.5358657836914,99.42,99.71,100,99.8,99.7,99.9,100,100,100
Access to electricity (% of population),EG.ELC.ACCS.ZS,Aruba,ABW,100,100,100,100,100,93.3562921509542,100,100,100,100,100,100,100,100,100,100,100
Access to electricity (% of population),EG.ELC.ACCS.ZS,Australia,AUS,100,100,100,100,100,100,100,100,100,100,100,100,100,100,100,100,100
Access to electricity (% of population),EG.ELC.ACCS.ZS,Austria,AUT,100,100,100,100,100,100,100,100,100,100,100,100,100,100,100,100,100
Access to electricity (% of population),EG.ELC.ACCS.ZS,Azerbaijan,AZE,99.1194381713867,99.5,99.4629211425781,99.6623001098633,99.8750686645508,99.9476623535156,99.9,100,100,100,100,100,100,100,100,100,100
Access to electricity (% of population),EG.ELC.ACCS.ZS,"Bahamas, The",BHS,100,100,100,100,100,100,100,100,100,100,100,100,100,100,100,100,100
Access to electricity (% of population),EG.ELC.ACCS.ZS,Bahrain,BHR,100,100,100,100,100,100,100,100,100,100,100,100,100,100,100,100,100
Access to electricity (% of population),EG.ELC.ACCS.ZS,Bangladesh,BGD,44.23,50.5251024590164,46.5,54.2687454223633,57.0775146484375,55.26,59.6,65.5457458496094,61.5,62.4,74.0024719238281,75.92,88,86.915283203125,92.2,96.2,98.9910278320313
Access to electricity (% of population),EG.ELC.ACCS.ZS,Barbados,BRB,99.8696060180664,100,100,100,100,100,100,100,100,100,100,100,100,100,100,100,100
Access to electricity (% of population),EG.ELC.ACCS.ZS,Belarus,BLR,91.5255737304688,92.0612030029297,92.61767578125,93.1913681030273,93.778450012207,94.3750762939453,94.977409362793,95.5816192626953,96.1838531494141,96.7810592651367,97.3732833862305,98.0430068969727,98.7420120239258,99.348762512207,100,100,100
Access to electricity (% of population),EG.ELC.ACCS.ZS,Belgium,BEL,100,100,100,100,100,100,100,100,100,100,100,100,100,100,100,100,100
Access to electricity (% of population),EG.ELC.ACCS.ZS,Belize,BLZ,83.4712219238281,90.9885308574549,85.1730804443359,86.0516510009766,86.9436111450195,89.9172243747798,91.6817359855335,90.9220428466797,91.1333618164063,91.4706268310547,91.8,93.2606887817383,94.1503295898438,91.72,92.72,96.8076248168945,97.6921463012695
Access to electricity (% of population),EG.ELC.ACCS.ZS,Benin,BEN,26.1018295288086,27.9,28.0100479125977,28.9918003082275,29.9869403839111,34.2,36.9,38.4,34.6536293029785,34.1,29.62,37.0262756347656,34.5,39.0094223022461,39.9980926513672,40.9859313964844,41.9736328125
Access to electricity (% of population),EG.ELC.ACCS.ZS,Bermuda,BMU,100,100,100,100,100,100,100,100,100,100,100,100,100,100,100,100,100
Access to electricity (% of population),EG.ELC.ACCS.ZS,Bhutan,BTN,59.8081116441343,59.6732635498047,71.8,67.5532989501953,71.5153121948242,73.2829108748978,81.7811584472656,91.5,87.4204635620117,91.3926010131836,95.3597640991211,99.3227767944336,97.7,99.9576721191406,100,100,100
Access to electricity (% of population),EG.ELC.ACCS.ZS,Bolivia,BOL,68.288209,76.211281,80.156567,84.674991,86.765597,87.9524154663086,88.335943,90.387375,89.505686,90.038729,91.522822,91.8,91.8,92.8,95.08,97.2218170166016,98.5562286376953
Access to electricity (% of population),EG.ELC.ACCS.ZS,Bosnia and Herzegovina,BIH,99.0854873657227,99.3872769868445,99.7,99.2867431640625,99.3856430053711,99.4940872192383,99.705780546902,99.7242736816406,99.5,99.922607421875,99.7,99.996711730957,100,100,100,100,100
Access to electricity (% of population),EG.ELC.ACCS.ZS,Botswana,BWA,37.457576751709,39.6760482788086,41.9153594970703,44.5,43.36,52.0336112976074,53.24,55.9656753540039,57.972297668457,60.0222434997559,62.13,64.2029647827148,67.4,68.2547378540039,70.095085144043,71.8291244506836,73.7259063720703
Access to electricity (% of population),EG.ELC.ACCS.ZS,Brazil,BRA,97.093513,97.594314,98.125382,98.526625,98.856938,98.6,99.328691,99.519494,99.575151,99.650247,99.710902,99.7,99.8,99.7,99.8,99.7027130126953,99.4621200561523
Access to electricity (% of population),EG.ELC.ACCS.ZS,British Virgin Islands,VGB,97.6436309814453,97.7733993530273,97.9239959716797,98.0918197631836,98.2730331420898,98.3,98.6602630615234,98.8586044311523,99.0549774169922,99.2463150024414,100,100,100,100,100,100,100
Access to electricity (% of population),EG.ELC.ACCS.ZS,Brunei Darussalam,BRN,100,100,100,100,100,100,100,100,100,100,100,100,100,100,100,100,100
Access to electricity (% of population),EG.ELC.ACCS.ZS,Bulgaria,BGR,90.6406097412109,91.1805267333984,91.7412872314453,92.3192672729492,92.91064453125,93.5115585327148,94.1181869506836,94.7266845703125,95.3332061767578,95.9347076416016,96.5846862792969,97.3378295898438,98.0648651123047,98.6996383666992,99.1950073242188,99.7,99.8
Access to electricity (% of population),EG.ELC.ACCS.ZS,Burkina Faso,BFA,11.1475677490234,11.5869636535644,12.0471992492676,12.5246601104736,12.63,13.1,14.7755994796753,15.0658206939697,15.3885135650635,19.2,16.1532001495361,16.5673961639404,17.0133209228516,14.4,17.6,18.4672794342041,18.9506874084473
Access to electricity (% of population),EG.ELC.ACCS.ZS,Burundi,BDI,3.20731707317073,2.66,4.65474510192871,4.8,5.38613891601563,5.3,6.15572309494019,6.5,6.9,7,7.89011478424072,8.47799873352051,9.3,9.50929260253906,9.83940029144287,9.1,10.2338275909424
Access to electricity (% of population),EG.ELC.ACCS.ZS,Cabo Verde,CPV,67,68.7919311523438,70.5432205200195,72.3117294311523,74.0936279296875,81.1,82.2631378173828,83.2484588623047,84.266242980957,85.3273620605469,86.4211273193359,87.5304183959961,88.6136093139648,90.1969299316406,91.4,93.746955871582,95.5214157104492
Access to electricity (% of population),EG.ELC.ACCS.ZS,Cambodia,KHM,20.5,27.4857883453369,20.2,26.4,25.6,31.1,37.4,42.3,50.9,56.1,62.720645904541,68.7621994018555,89.07,80.7008285522461,84,86.4,82.5017166137695
Access to electricity (% of population),EG.ELC.ACCS.ZS,Cameroon,CMR,47.2206954956055,49,48.2,50.5520820617676,51.6943626403809,52.8461875915527,53.7,55.1631278991699,56.3205604553223,56.8,58.6203880310059,59.7636642456055,60.903621673584,62.2,63.1768951416016,64.3118743896484,65.4467086791992
Access to electricity (% of population),EG.ELC.ACCS.ZS,Canada,CAN,100,100,100,100,100,100,100,100,100,100,100,100,100,100,100,100,100
Access to electricity (% of population),EG.ELC.ACCS.ZS,Cayman Islands,CYM,100,100,100,100,100,100,100,100,100,100,100,100,100,100,100,100,100
Access to electricity (% of population),EG.ELC.ACCS.ZS,Central African Republic,CAF,7.43125534057617,7.80516932525804,8.37641525268555,7.48,9.39025115966797,9.8,10.4422779083252,10.9730157852173,11.5017824172974,12.0367059707642,12.7129907608032,13.404803276062,14.0705080032349,14.6439552307129,14.3,15.4057130813599,15.6802768707275
Access to electricity (% of population),EG.ELC.ACCS.ZS,Chad,TCD,4.75386190414429,5.11273193359375,5.49244070053101,5.88937520980835,6.29969644546509,6.4,8.98,7.79170989990234,8.09024047851563,8.43209648132324,7.7,9.24529838562012,10.9,10.0588064193726,8.4,10.8656768798828,11.2685585021973
Access to electricity (% of population),EG.ELC.ACCS.ZS,Channel Islands,CHI,100,100,100,100,100,100,100,100,100,100,100,100,100,100,100,100,100
Access to electricity (% of population),EG.ELC.ACCS.ZS,Chile,CHL,97.6824645996094,99.368108,98.0392684936523,98.2453155517578,99.593662,99.5258941650391,99.588193,100,99.6,100,99.714844,100,99.7,100,100,100,100
Access to electricity (% of population),EG.ELC.ACCS.ZS,China,CHN,97.9309387207031,98.1983032226563,98.4865036010742,98.7919387817383,99.1107559204102,99.7,99.88720703125,99.9474334716797,99.9929504394531,100,100,100,100,100,100,100,100
Access to electricity (% of population),EG.ELC.ACCS.ZS,Colombia,COL,96.8,95.7262268066406,95.9804077148438,96.806763,96.057229,96.788995,96.6936,97.032176,97.779418,97.790938,98.186898,98.4,98.5,98.5,99.4442596435547,99.7217559814453,99.9991073608398
Access to electricity (% of population),EG.ELC.ACCS.ZS,Comoros,COM,50.957878112793,53.2211265563965,55.5052108764648,57.8065223693848,60.1212196350098,69.6578521728516,69.3272171020508,69.3,69.4370956420898,71.7619171142578,74.0817642211914,76.3974609375,78.709831237793,81.0197219848633,83.3279495239258,85.6353454589844,87.9426040649414
Access to electricity (% of population),EG.ELC.ACCS.ZS,"Congo, Dem. Rep.",COD,6,10.2394857406616,15.2,11.5991792678833,12.301025390625,13.0124197006226,13.7295217514038,15.4,15.1654949188232,13.5,16.5844593048096,17.2873020172119,17.9868259429932,18.68385887146,19.1,20.0737800598145,20.7681865692139
Access to electricity (% of population),EG.ELC.ACCS.ZS,"Congo, Rep.",COG,33.8,34.8735046386719,35.8284072875977,36.8005332946777,37.1,40.008430480957,40.8173370361328,41.6,42.5000877380371,43.4010238647461,44.3346099853516,45.2837257385254,46.2067337036133,47.037483215332,47.7288208007813,48.6791305541992,49.6572036743164
Access to electricity (% of population),EG.ELC.ACCS.ZS,Costa Rica,CRI,99.053051,99.147523,99.217998,99.263937,99.409804,98.995734,99.232348,99.503298,99.563517,99.359291,99.409804,99.5,99.6,99.7,99.71,99.9,100
Access to electricity (% of population),EG.ELC.ACCS.ZS,Cote d'Ivoire,CIV,58.9,60.171052631579,55.3321762084961,60.3,57.3446235656738,58.3670883178711,55.8,55.8,61.4533729553223,61.9,62.6,64.3,65.6,67.1486587524414,68.566650390625,69.8783264160156,71.136848449707
Access to electricity (% of population),EG.ELC.ACCS.ZS,Croatia,HRV,99.8789367675781,99.8459167480469,99.8337326049805,100,100,100,100,100,100,100,100,100,100,100,100,100,100
Access to electricity (% of population),EG.ELC.ACCS.ZS,Cuba,CUB,96.7656097412109,96.9354095458984,97.1260452270508,97.3339080810547,97.5551528930664,97.7859573364258,98.0224609375,98.2608337402344,98.4972381591797,98.7286148071289,98.9550094604492,99.1772613525391,99.3961868286133,99.6126251220703,99.8,99.9326400756836,100
Access to electricity (% of population),EG.ELC.ACCS.ZS,Curacao,CUW,99.7169418334961,99.6959457397461,99.6957931518555,99.7128677368164,99.7433242797852,100,100,100,100,100,100,100,100,100,100,100,100
Access to electricity (% of population),EG.ELC.ACCS.ZS,Cyprus,CYP,100,100,100,100,100,100,100,100,100,100,100,100,100,100,100,100,100
Access to electricity (% of population),EG.ELC.ACCS.ZS,Czechia,CZE,99.9542770385742,100,100,100,100,100,100,100,100,100,100,100,100,100,100,100,100
Access to electricity (% of population),EG.ELC.ACCS.ZS,Denmark,DNK,100,100,100,100,100,100,100,100,100,100,100,100,100,100,100,100,100
Access to electricity (% of population),EG.ELC.ACCS.ZS,Djibouti,DJI,56.7514762878418,55.5,57.1504096984863,57.3775215148926,57.6180229187012,57.8680686950684,58.1238250732422,54.6,58.6371040344238,58.8877296447754,59.1333770751953,59.8381195068359,60.2,62.408332824707,64.7,64.5011520385742,65.4412536621094
Access to electricity (% of population),EG.ELC.ACCS.ZS,Dominica,DMA,86.017951965332,87.0408630371094,88.0846176147461,90.9,90.2199554443359,91.3038711547852,90.1,93.484977722168,94.5744934082031,95.6589813232422,96.7384948730469,97.8138580322266,98.8858947753906,99.5681304931641,99.9192276000977,99.9972152709961,100
Access to electricity (% of population),EG.ELC.ACCS.ZS,Dominican Republic,DOM,90.141224,90.118148,96.876342,97.576197,97.85776,98.145414,97.898872,97.86705,98.385853,98.470979,98.560364,98.9,100,98.9,99,100,98.1
Access to electricity (% of population),EG.ELC.ACCS.ZS,Ecuador,ECU,95.83265,96.315259,96.812618,97.206576,96.470862,97.462142,96.872699,97.194929,98.034674,98.976067,98.825883,98.7,99.2,98.7,99.09,98.85,100
Access to electricity (% of population),EG.ELC.ACCS.ZS,"Egypt, Arab Rep.",EGY,99.4,99.04,98.4338150024414,99.8,98.9156036376953,99.3571548461914,99.4355773925781,99.7,99.8759384155273,99.8,99.3,100,100,100,100,100,100
Access to electricity (% of population),EG.ELC.ACCS.ZS,El Salvador,SLV,87.525839,89.201467,91.109558,91.000227,91.08402,91.580238,92.574686,93.680571,95.043105,95.125416,95.4,96,96.8,97,97.36,99.722541809082,97.89
Access to electricity (% of population),EG.ELC.ACCS.ZS,Equatorial Guinea,GNQ,64.9935913085938,65.0573806762695,65.1420059204102,65.2438583374023,65.3591003417969,66.117073059082,66.1,65.7467498779297,65.8771438598633,66.0025100708008,66.1229019165039,66.2391357421875,66.3520584106445,66.4624862670898,66.5712509155273,66.6791915893555,66.786994934082
Access to electricity (% of population),EG.ELC.ACCS.ZS,Eritrea,ERI,34.4974479675293,35.5751838684082,36.6737632751465,37.7895660400391,38.918758392334,40.0574951171875,41.2019424438477,42.348258972168,43.492603302002,44.6319198608398,45.7662582397461,46.8964424133301,48.0233116149902,49.1476898193359,50.2704086303711,51.3922996520996,52.5140495300293
Access to electricity (% of population),EG.ELC.ACCS.ZS,Estonia,EST,99.9542770385742,100,100,100,100,100,100,100,100,100,100,100,100,100,100,100,100
Access to electricity (% of population),EG.ELC.ACCS.ZS,Eswatini,SWZ,34.2165031433105,35.2,39.812873840332,42.6387062072754,38.6,45.5523376086057,51.1811676025391,54.2984504699707,57.5340042114258,65,64.1244125366211,63.43,73.5,73.9611129760742,77.0303955078125,79.9933624267578,82.9031753540039
Access to electricity (% of population),EG.ELC.ACCS.ZS,Ethiopia,ETH,14,18.5567531585693,20.2697849273682,22.0000438690186,23.743688583374,25.4968814849854,23,29.0165519714356,30.7753524780273,27.2,29,42.9,44.3,44.8443260192871,48.0476188659668,51.1445960998535,54.1884155273438
Access to electricity (% of population),EG.ELC.ACCS.ZS,Faroe Islands,FRO,100,100,100,100,100,100,100,100,100,100,100,100,100,100,100,100,100
Access to electricity (% of population),EG.ELC.ACCS.ZS,Fiji,FJI,81.5712966918945,82.5597381591797,88.9,86.16,85.6354064941406,92.4022598266602,92.5008926391602,92.6157684326172,91.75,92.9537811279297,93.1770935058594,93.4159393310547,96,95.0606307983398,96.0940475463867,97.1266403198242,92.1
Access to electricity (% of population),EG.ELC.ACCS.ZS,Finland,FIN,100,100,100,100,100,100,100,100,100,100,100,100,100,100,100,100,100
Access to electricity (% of population),EG.ELC.ACCS.ZS,France,FRA,100,100,100,100,100,100,100,100,100,100,100,100,100,100,100,100,100
Access to electricity (% of population),EG.ELC.ACCS.ZS,French Polynesia,PYF,100,100,100,100,100,100,100,100,100,100,100,100,100,100,100,100,100
Access to electricity (% of population),EG.ELC.ACCS.ZS,Gabon,GAB,81.6,80.5403518676758,81.2607421875,81.9983596801758,82.7493591308594,89.3300247192383,88.7270736694336,89.3,86.4,87.0751876831055,87.3277359008789,88.0797348022461,86.27,89.5746078491211,90.3191452026367,91.0628433227539,91.8064041137695
Access to electricity (% of population),EG.ELC.ACCS.ZS,"Gambia, The",GMB,30.4562675012354,38.0796966552734,39.7568626403809,41.4512519836426,43.1590309143066,46.7958068847656,48.3179893493652,49.8564071655273,51.5,53.0415115356445,54.6883735656738,56.3507690429688,56.2,60.3,62.1,62.234001159668,63.6973609924316
Access to electricity (% of population),EG.ELC.ACCS.ZS,Georgia,GEO,97.9350541215654,100,100,100,100,100,100,100,100,100,100,100,100,99.9,100,100,100
Access to electricity (% of population),EG.ELC.ACCS.ZS,Germany,DEU,100,100,100,100,100,100,100,100,100,100,100,100,100,100,100,100,100
Access to electricity (% of population),EG.ELC.ACCS.ZS,Ghana,GHA,41.25,55.0934500757703,56.9104194641113,60.5,61.058650970459,64.2,64.06256,56.51,70.7,78.3,74.0002670288086,79.3,79,80.4,83.5,85.4405670166016,86.3
Access to electricity (% of population),EG.ELC.ACCS.ZS,Gibraltar,GIB,99.6982116699219,99.6780242919922,99.6786727905273,99.6965484619141,100,100,99.8151397705078,99.863525390625,99.9076232910156,99.947639465332,100,100,100,100,100,100,100
Access to electricity (% of population),EG.ELC.ACCS.ZS,Greece,GRC,100,100,100,100,100,100,100,100,100,100,100,100,100,100,100,100,100
Access to electricity (% of population),EG.ELC.ACCS.ZS,Greenland,GRL,100,100,100,100,100,100,100,100,100,100,100,100,100,100,100,100,100
Access to electricity (% of population),EG.ELC.ACCS.ZS,Grenada,GRD,87.5160446166992,87.8567581176758,88.2183151245117,90,88.9892654418945,89.390983581543,88.8,90.2077026367188,90.6150283813477,91.0173187255859,91.4146347045898,91.8078002929688,92.1976470947266,92.3,92.9706954956055,93.3555679321289,93.7402954101563
Access to electricity (% of population),EG.ELC.ACCS.ZS,Guam,GUM,100,100,100,100,100,100,100,100,100,100,100,100,100,100,100,100,100
Access to electricity (% of population),EG.ELC.ACCS.ZS,Guatemala,GTM,78.3060760498047,83.730998,80.6752700805664,81.8875045776367,83.1131362915039,84.3483047485352,84.026414,86.8319396972656,88.0727233886719,85.494371,90.5392456054688,91.765869140625,93.3,94.2099914550781,95.4291458129883,96.6474685668945,97.8656539916992
Access to electricity (% of population),EG.ELC.ACCS.ZS,Guinea,GIN,20.2,22.7588939666748,24.0720729827881,25.4024791717529,26.7462711334229,28.0996112823486,29.4586582183838,26.2,32.178524017334,33.5324401855469,34.8813819885254,33.5,35.4,45,42.2,44.7454223632813,46.8138694763184
Access to electricity (% of population),EG.ELC.ACCS.ZS,Guinea-Bissau,GNB,5.22180080413818,14.5361990950226,7.9295711517334,9.31110095977783,4.7,6,13.520655632019,14.9326982498169,16.3427715301514,17.2,20.107967376709,22.9145374298096,26,28.3832015991211,30.9319953918457,33.3744735717773,35.7637939453125
Access to electricity (% of population),EG.ELC.ACCS.ZS,Guyana,GUY,77.5,73.3825878594249,78.4997406005859,79.1155242919922,77.6,83.319221496582,84.195556640625,85.0881271362305,86.0131683349609,86.9,87.982551574707,88.9990997314453,89.9895324707031,90.8877105712891,91.646484375,92.2989349365234,92.8982315063477
Access to electricity (% of population),EG.ELC.ACCS.ZS,Haiti,HTI,34.5301704406738,33.9,35.5494537353516,36.0867385864258,36.6374092102051,37.1976318359375,37.7635612487793,37.9,38.8971862792969,39.5519714355469,40.7975120544434,40.4,43.2935409545898,44.4362411499023,45.4395332336426,46.3365135192871,47.1803321838379
Access to electricity (% of population),EG.ELC.ACCS.ZS,Honduras,HND,68.903309,71.266448,73.548187,76.396899,78.269685,80.984668,82.195298,83.607727,87.184881,88.653773,89.98171,91.6,86.5,91.6,91.1,93.0876998901367,94.131591796875
Access to electricity (% of population),EG.ELC.ACCS.ZS,"Hong Kong SAR, China",HKG,100,100,100,100,100,100,100,100,100,100,100,100,100,100,100,100,100
Access to electricity (% of population),EG.ELC.ACCS.ZS,Hungary,HUN,99.9279556274414,99.8843078613281,100,100,100,100,100,99.9653396606445,99.9867935180664,100,100,100,100,100,100,100,100
Access to electricity (% of population),EG.ELC.ACCS.ZS,Iceland,ISL,100,100,100,100,100,100,100,100,100,100,100,100,100,100,100,100,100
Access to electricity (% of population),EG.ELC.ACCS.ZS,India,IND,68.8404541015625,67.9,72.3407135009766,74.1184921264648,75,76.3,79.5167846679688,79.9,83.1313934326172,85.1339111328125,88,89.5863037109375,91.7941589355469,95.7,95.8859405517578,96.5,99.5725250244141
Access to electricity (% of population),EG.ELC.ACCS.ZS,Indonesia,IDN,84.7774200439453,90.62,91.1,92.73,93.55,94.15,94.83,96,96.4642583061542,97.01,97.5373674369822,97.62,98.14,98.51,98.85,96.95,99.21
Access to electricity (% of population),EG.ELC.ACCS.ZS,"Iran, Islamic Rep.",IRN,98.4014205932617,98.4,98.6524429321289,98.8056030273438,99.71,99.4264602661133,99.4697341918945,99.5292434692383,99.83,100,99.96,99.95,99.94,100,100,100,100
Access to electricity (% of population),EG.ELC.ACCS.ZS,Iraq,IRQ,97.4242477416992,97.6221115649304,98.1,97.9429626464844,98.1476898193359,98.3619613647461,98,99.3,99.0236663818359,99.2385101318359,99.4483795166016,99.6540985107422,99.8843765258789,99.9,99.9910278320313,100,100
Access to electricity (% of population),EG.ELC.ACCS.ZS,Ireland,IRL,100,100,100,100,100,100,100,100,100,100,100,100,100,100,100,100,100
Access to electricity (% of population),EG.ELC.ACCS.ZS,Isle of Man,IMN,100,100,100,100,100,100,100,100,100,100,100,100,100,100,100,100,100
Access to electricity (% of population),EG.ELC.ACCS.ZS,Israel,ISR,100,100,100,100,100,100,100,100,100,100,100,100,100,100,100,100,100
Access to electricity (% of population),EG.ELC.ACCS.ZS,Italy,ITA,100,100,100,100,100,100,100,100,100,100,100,100,100,100,100,100,100
Access to electricity (% of population),EG.ELC.ACCS.ZS,Jamaica,JAM,87.95703125,88.6919326782227,89.4476776123047,92,91.0070037841797,92.2,91.1,93.1,93.9,93.3,94.9,96.584846496582,97.3688812255859,98.1504211425781,98.930305480957,99.709358215332,100
Access to electricity (% of population),EG.ELC.ACCS.ZS,Japan,JPN,100,100,100,100,100,100,100,100,100,100,100,100,100,100,100,100,100
Access to electricity (% of population),EG.ELC.ACCS.ZS,Jordan,JOR,99.0349884033203,100,98.8,100,99.4,100,99.6003494262695,99.5,99.6945571899414,99.7919235229492,99.8927612304688,99.9518280029297,100,99.9,99.9,99.9,99.9
Access to electricity (% of population),EG.ELC.ACCS.ZS,Kazakhstan,KAZ,100,99.766547651744,100,100,100,100,99.7974683544304,100,100,100,100,100,100,100,100,100,100
Access to electricity (% of population),EG.ELC.ACCS.ZS,Kenya,KEN,24.5225009918213,26.4220523834229,28.3424415588379,30.2800559997559,23,19.2,36.1578636169434,38.1259918212891,40.0921516418457,36,41.6,53.1,55.8319931030273,61.1806144714355,69.7,71.4927139282227,76.5424499511719
Access to electricity (% of population),EG.ELC.ACCS.ZS,Kiribati,KIR,69.6764054575327,68.8,67.6536865234375,69.4366073608398,64.19,63.1677367075983,74.850341796875,76.6637725830078,78.8341751098633,83.3857498168945,90.5581814089579,92.569709777832,85.6744232177734,87.4659194946289,89.2557525634766,91.0447616577148,92.8336334228516
Access to electricity (% of population),EG.ELC.ACCS.ZS,"Korea, Dem. People's Rep.",PRK,..,..,..,..,26,29.3003063201904,31.4332714080811,33.5681037902832,35.7009696960449,37.8288040161133,39.95166015625,42.0703659057617,44.1857490539551,46.2986450195313,48.4098854064941,50.5202941894531,52.6305618286133
Access to electricity (% of population),EG.ELC.ACCS.ZS,"Korea, Rep.",KOR,100,100,100,100,100,100,100,100,100,100,100,100,100,100,100,100,100
Access to electricity (% of population),EG.ELC.ACCS.ZS,Kosovo,XKX,..,..,..,..,..,..,..,..,..,..,..,..,..,..,..,..,..
Access to electricity (% of population),EG.ELC.ACCS.ZS,Kuwait,KWT,100,100,100,100,100,100,100,100,100,100,100,100,100,100,100,100,100
Access to electricity (% of population),EG.ELC.ACCS.ZS,Kyrgyz Republic,KGZ,99.4423076923077,98.89,99.54,99.51,99.5,99,98.32,99.8,98.93,99.8,98.69,99.71,100,100,99.8846740722656,99.865119934082,99.6737289428711
Access to electricity (% of population),EG.ELC.ACCS.ZS,Lao PDR,LAO,57.2,57.0410587037666,54.96,66,67.4014282226563,70.2244873046875,70,76.3666277465237,79.287239074707,82.5017318725586,89.7,89.0115585327148,93.6,92.9,98.397346496582,99.3113632202148,100
Access to electricity (% of population),EG.ELC.ACCS.ZS,Latvia,LVA,99.6655654907227,99.6487579345703,99.6527862548828,99.6740493774414,100,99.7528839111328,99.8027801513672,100,100,100,100,100,100,100,100,100,100
Access to electricity (% of population),EG.ELC.ACCS.ZS,Lebanon,LBN,99.1835708618164,99.3838170909681,97.8,99.9,99.3190383911133,99.4995040893555,99.6840109542869,99.5341567993164,99.607048034668,99.6748962402344,99.7377777099609,99.796501159668,99.8519134521484,99.7,99.9504852294922,99.9830703735352,100
Access to electricity (% of population),EG.ELC.ACCS.ZS,Lesotho,LSO,9.61861228942871,9.7,13.862603187561,16.012243270874,17,17,22.5261287689209,20.56,26.8844661712646,27.8,31.774808883667,35.0725173950195,33.7,47,44.5633964538574,47.497013092041,50.3774719238281
Access to electricity (% of population),EG.ELC.ACCS.ZS,Liberia,LBR,..,..,3,1.28270936012268,1.9,5.25559711456299,4.1,9.25131797790527,9.8,9.4,15.2267560958862,17.7,24.2,22.7701358795166,23.1,27.5597496032715,29.8482437133789
Access to electricity (% of population),EG.ELC.ACCS.ZS,Libya,LBY,90.1121826171875,88.434928894043,86.7785110473633,85.1393280029297,83.5135269165039,81.8972702026367,80.2867279052734,78.6780548095703,77.0674057006836,75.4517288208008,73.8310775756836,72.2062683105469,70.5781478881836,67,68.4728927612305,69.3682632446289,70.2104797363281
Access to electricity (% of population),EG.ELC.ACCS.ZS,Liechtenstein,LIE,100,100,100,100,100,100,100,100,100,100,100,100,100,100,100,100,100
Access to electricity (% of population),EG.ELC.ACCS.ZS,Lithuania,LTU,99.3609313964844,99.3680725097656,99.3960494995117,99.4412460327148,99.4998321533203,99.7187728881836,99.721565246582,100,100,100,100,100,100,100,100,100,100
Access to electricity (% of population),EG.ELC.ACCS.ZS,Luxembourg,LUX,100,100,100,100,100,100,100,100,100,100,100,100,100,100,100,100,100
Access to electricity (% of population),EG.ELC.ACCS.ZS,"Macao SAR, China",MAC,100,100,100,100,100,100,100,100,100,100,100,100,100,100,100,100,100
Access to electricity (% of population),EG.ELC.ACCS.ZS,Madagascar,MDG,16.0324401855469,16.7555561065674,17.49951171875,18.2606925964356,17.4,12.3,14.3,18.7,12.9,22.975305557251,23.7550201416016,22.9,24.1,36.5,31.04,32,35.1209335327148
Access to electricity (% of population),EG.ELC.ACCS.ZS,Malawi,MWI,6.61935663223267,3.65322733295476,7.40900373458862,7.83147192001343,8.26732730865479,8.7,7.6,7.4,9,11.9,10.8,11,12.7,18.02,11.2,11.5,14.188422203064
Access to electricity (% of population),EG.ELC.ACCS.ZS,Malaysia,MYS,98.7413864135742,98.8022232055664,98.883903503418,98.9828109741211,99.3,99.4753112792969,99.4963226318359,99.8,99.6032943725586,99.723762512207,99.8620300292969,99.9,99.9786987304688,99.9971542358398,100,100,100
Access to electricity (% of population),EG.ELC.ACCS.ZS,Maldives,MDV,90.8527526855469,91.7324752807617,92.6330490112305,93.5508346557617,99.9,98.9959869384766,99.0953979492188,99.211051940918,99.3591766357422,100,99.7747268676758,100,99.8,100,100,100,100
Access to electricity (% of population),EG.ELC.ACCS.ZS,Mali,MLI,18.1579170227051,16.6,21.6522064208984,23.4269962310791,24.0308958348372,27.0128974914551,28.8163280487061,25.6,32.4249649047852,34.2232627868652,37.6,38.7969284057617,34.78,50.9,47.8547897338867,50.6440658569336,53.3801879882813
Access to electricity (% of population),EG.ELC.ACCS.ZS,Malta,MLT,100,100,100,100,100,100,100,100,100,100,100,100,100,100,100,100,100
Access to electricity (% of population),EG.ELC.ACCS.ZS,Marshall Islands,MHL,75.7374038696289,77.1901168823242,72.3,80.1544418334961,81.6586074829102,89.3956832885742,89.919606785433,90.3635482788086,90.888069152832,91.4559173583984,92.0564117431641,92.6724395751953,93.7629470825195,95.2622985839844,96.7599868774414,98.2568511962891,99.7535781860352
Access to electricity (% of population),EG.ELC.ACCS.ZS,Mauritania,MRT,18.2,26.9749393463135,33.0405405405405,30,31.0749187469482,34.2001838684082,35.3040924072266,36.4242401123047,37.5768547058105,38.8,39.5,41.2455101013184,42.9,43.5892791748047,44.9479293823242,45.4,47.6958427429199
Access to electricity (% of population),EG.ELC.ACCS.ZS,Mauritius,MUS,99.0012664794922,98.983528137207,98.9866333007813,99.006965637207,99.0406799316406,99.397331237793,99.6,99.3714294433594,99.3990707397461,99.4700317382813,99.5736541748047,99.6927947998047,99.61,99.7866134643555,100,99.4640197753906,99.6
Access to electricity (% of population),EG.ELC.ACCS.ZS,Mexico,MEX,98.932728,99.11416,97.9146041870117,98.914037,98.2967987060547,99.236696,99.0047225952148,99.111637,99.1450500488281,99.172928,99,99.5,100,99.5,99.6,99.4,100
Access to electricity (% of population),EG.ELC.ACCS.ZS,"Micronesia, Fed. Sts.",FSM,55.2273025512695,56.9538612365723,58.7012557983398,60.4658737182617,62.2438812255859,64.5315202481064,66.2734451293945,67.8273162841797,69.4136505126953,71.2011260986328,72.9842834472656,74.7632827758789,76.5389709472656,78.3121643066406,80.0837020874023,81.8544082641602,83.6249771118164
Access to electricity (% of population),EG.ELC.ACCS.ZS,Moldova,MDA,98.6,98.8964920043945,98.9699554443359,99.0606384277344,99.1647033691406,99.2783279418945,99.3976516723633,99.5188446044922,99.638069152832,99.7522659301758,99.8614807128906,99.9373474121094,99.98,99.99,100,100,100
Access to electricity (% of population),EG.ELC.ACCS.ZS,Monaco,MCO,100,100,100,100,100,100,100,100,100,100,100,100,100,100,100,100,100
Access to electricity (% of population),EG.ELC.ACCS.ZS,Mongolia,MNG,86.2,76.9618835449219,78.0558242797852,79.1669998168945,80.2915573120117,78.502080443828,72.0570749108204,83.7071533203125,81.2,85.9815521240234,87.9682312011719,90.8075485229492,93.6207580566406,98.1,98.9232559204102,99.5021667480469,100
Access to electricity (% of population),EG.ELC.ACCS.ZS,Montenegro,MNE,99.830220713073,98.9658432006836,98.9906692504883,99.0327224731445,99.0881576538086,99.1531448364258,99,99.2964019775391,99.7,97.7,99.4931488037109,99.5997543334961,100,100,99.9622802734375,99.8531112670898,99.7984313964844
Access to electricity (% of population),EG.ELC.ACCS.ZS,Morocco,MAR,78.6375198364258,96.5,82.2488555908203,84.082160949707,85.9288635253906,95.7257232666016,96.0747833251953,96.4400863647461,97.2,97.2789535522461,97.3,97.8,100,98.1,99.6,100,100
Access to electricity (% of population),EG.ELC.ACCS.ZS,Mozambique,MOZ,11.8483219146728,13.0278806686401,12.4,13.5712238463743,15,18.8978042602539,20.2,21.213680267334,22.4122085571289,24.8,24,26.2185955047607,24.3,31.1,29.6864433288574,30.6123828887939,31.4940395355225
Access to electricity (% of population),EG.ELC.ACCS.ZS,Myanmar,MMR,47.252254486084,48.3582534790039,49.4850959777832,50.6291618347168,51.7866134643555,48.8,54.1263236999512,55.3009033203125,56.4735107421875,52,60.5,55.6,69.8148365975088,66.1009368896484,68.3115005493164,70.4157409667969,72.4668197631836
Access to electricity (% of population),EG.ELC.ACCS.ZS,Namibia,NAM,39.5839538574219,40.513240814209,43.7,42.4307174682617,44.1,44.401741027832,42.3,46.3955993652344,47.4,48.3823547363281,51.6,49.7,52.5,52.3216552734375,53.2785835266113,52.3,55.2253189086914
Access to electricity (% of population),EG.ELC.ACCS.ZS,Nauru,NRU,98.9723739624023,98.9846954345703,99.8,99.068229675293,99.1319961547852,99.2053070068359,99,99.3652191162109,99.4441452026367,99.5180358886719,99,99.6651840209961,99.8330078125,99.9187850952148,100,100,100
Access to electricity (% of population),EG.ELC.ACCS.ZS,Nepal,NPL,46.0804634094238,51.2,52.6467437744141,55.9575309753418,59.2817039489746,68.6,67.26,75.2146301269531,77.4413909912109,84.9,82.0142288208008,90.7,86.6246566772461,93.92,89.9,89.9,89.9
Access to electricity (% of population),EG.ELC.ACCS.ZS,Netherlands,NLD,100,100,100,100,100,100,100,100,100,100,100,100,100,100,100,100,100
Access to electricity (% of population),EG.ELC.ACCS.ZS,New Caledonia,NCL,100,100,100,100,100,100,100,100,100,100,100,100,100,100,100,100,100
Access to electricity (% of population),EG.ELC.ACCS.ZS,New Zealand,NZL,100,100,100,100,100,100,100,100,100,100,100,100,100,100,100,100,100
Access to electricity (% of population),EG.ELC.ACCS.ZS,Nicaragua,NIC,73.821815,76.2962799072266,76.8996276855469,77.5201950073242,77.916313,80.1348571777344,81.2,81.2815093994141,81.8954238891602,81.853073,83.2425537109375,83.9479675292969,84.6272811889648,85.2143325805664,85.661979675293,86.003303527832,86.2914733886719
Access to electricity (% of population),EG.ELC.ACCS.ZS,Niger,NER,7.1,9.3,11.2380685806274,11.7744216918945,12.324161529541,13.6219692230225,14.3,14.4,15.1519823074341,15.7323713302612,16.6,16.9739780426025,17.5764389038086,17.6,18.4574337005615,18.7219104766846,18.6
Access to electricity (% of population),EG.ELC.ACCS.ZS,Nigeria,NGA,46.8232154846191,47.5820541381836,50.1309194284432,50.3,49.968921661377,48,55.9,53.0173645019531,55.6,54.1536521911621,52.5,59.3,54.4,56.5,55.4,55.4,59.5
Access to electricity (% of population),EG.ELC.ACCS.ZS,North Macedonia,MKD,99.0544509887695,99,99.1482543945313,99.2,99.2,99.4974746704102,99.7261638038337,99.616455078125,99.7195434570313,99.8175964355469,99.9032745361328,99.9661178588867,99.9943161010742,99.8,100,100,100
Access to electricity (% of population),EG.ELC.ACCS.ZS,Northern Mariana Islands,MNP,99.77197265625,99.7472534179688,100,100,100,100,100,100,100,100,100,100,100,100,100,100,100
Access to electricity (% of population),EG.ELC.ACCS.ZS,Norway,NOR,100,100,100,100,100,100,100,100,100,100,100,100,100,100,100,100,100
Access to electricity (% of population),EG.ELC.ACCS.ZS,Oman,OMN,99.94677734375,99.9141540527344,100,100,100,100,100,100,100,100,100,100,100,100,100,100,100
Access to electricity (% of population),EG.ELC.ACCS.ZS,Pakistan,PAK,78.0570907592773,79.1353149414063,80.2343826293945,81.3506698608398,82.480354309082,87.1227264404297,87.8373413085938,88.5681991577148,89.3315200805664,90.1381759643555,90.9774703979492,91.8323059082031,92.6610260009766,93.3974914550781,93.9,94.4852828979492,94.9228591918945
Access to electricity (% of population),EG.ELC.ACCS.ZS,Palau,PLW,98.9165073295092,98.2825698852539,98.3843002319336,98.5032577514648,98.6355972290039,98.7774887084961,98.9250869750977,97.6304263093788,99.222053527832,99.8103,99.5020065307617,100,100,100,100,100,100
Access to electricity (% of population),EG.ELC.ACCS.ZS,Panama,PAN,84.1228103637695,84.8217697143555,85.5415725708008,86.2786026000977,87.0290145874023,86.85,88.5546493530273,89.3221893310547,89.1,90.8482971191406,91.6038589477539,92.3552703857422,93.7,93.8,93.9,95.3360137939453,95.251082548876
Access to electricity (% of population),EG.ELC.ACCS.ZS,Papua New Guinea,PNG,14.1203022003174,12.4,14.894082069397,15.3086166381836,17.2,19.5,17.3279895782471,17.5445442199707,17.7935695648193,18.0859203338623,18.4109210968018,13.5,19.2309398651123,16.6,23.6,20.4961185455322,20.9166011810303
Access to electricity (% of population),EG.ELC.ACCS.ZS,Paraguay,PRY,94.686886,96.749045,96.452771,96.677896,96.891335,97.43086,98.23656,97.835616,99.015884,99.000716,99.331532,98.4,99.3,99.6,99.7,99.7,100
Access to electricity (% of population),EG.ELC.ACCS.ZS,Peru,PER,77.173645,80.157275,81.988131,84.678343,86.42432,88.123061,89.707491,91.099508,92.135365,92.919989,93.852179,94.2,94.8,95.2,95.551360223182,96.2,95.6
Access to electricity (% of population),EG.ELC.ACCS.ZS,Philippines,PHL,79.8264999389648,80.18,81.9586791992188,83.3,84.3,85.4832077026367,87.2,87.08,87.5,89.762336730957,89.08,91.9827194213867,93,94.189826965332,95.2904739379883,96.3902893066406,97.4899749755859
Access to electricity (% of population),EG.ELC.ACCS.ZS,Poland,POL,99.8059005737305,99.7784805297852,99.7719039916992,99.7825469970703,100,100,100,100,100,100,100,100,100,100,100,100,100
Access to electricity (% of population),EG.ELC.ACCS.ZS,Portugal,PRT,100,100,100,100,100,100,100,100,100,100,100,100,100,100,100,100,100
Access to electricity (% of population),EG.ELC.ACCS.ZS,Puerto Rico,PRI,100,100,100,100,100,100,100,100,100,100,100,100,100,100,100,100,100
Access to electricity (% of population),EG.ELC.ACCS.ZS,Qatar,QAT,100,100,100,100,100,100,100,100,100,100,100,100,100,100,100,100,100
Access to electricity (% of population),EG.ELC.ACCS.ZS,Romania,ROU,95.591926574707,95.8586120605469,96.1461334228516,96.4508819580078,96.7690124511719,97.0966949462891,97.4300842285156,97.7653427124023,98.0986328125,98.4268951416016,98.761360168457,99.1,100,99.8226547241211,100,99.9952163696289,100
Access to electricity (% of population),EG.ELC.ACCS.ZS,Russian Federation,RUS,98.0340347290039,98.1097030639648,98.2062072753906,98.3199310302734,98.4470520019531,99.2681579589844,99.2094802856445,100,100,100,95.5,99.4102249145508,100,100,99.7779693603516,99.8977813720703,100
Access to electricity (% of population),EG.ELC.ACCS.ZS,Rwanda,RWA,4.8,11.412540435791,12.796820640564,6,15.6132183074951,9.7,10.8,17.5,15.2,19.8,22.8,29.37,34.1,37.9568328857422,46.6,45.1901092529297,48.7004356384277
Access to electricity (% of population),EG.ELC.ACCS.ZS,Samoa,WSM,91.1389770507813,96.3717297274598,92.4648208618164,98.1,97.9,96.4112014770508,96.6685746994848,96.7786712646484,97.0029907226563,97.9,98.1554260253906,98.8603820800781,96.8,99.8192749023438,99.2,100,98.3
Access to electricity (% of population),EG.ELC.ACCS.ZS,San Marino,SMR,100,100,100,100,100,100,100,100,100,100,100,100,100,100,100,100,100
Access to electricity (% of population),EG.ELC.ACCS.ZS,Sao Tome and Principe,STP,55.7513465881348,56.8555793762207,57.980655670166,59.1229515075684,56.9,61.4438705444336,62.6148109436035,57.9,64.9584655761719,68.6,67.3061828613281,69.3609313964844,74.27,71,75.1229476928711,76.813606262207,78.4511108398438
Access to electricity (% of population),EG.ELC.ACCS.ZS,Saudi Arabia,SAU,100,100,100,100,100,100,100,100,100,100,100,99.9,99.97,99.89,99.99,99.99,100
Access to electricity (% of population),EG.ELC.ACCS.ZS,Senegal,SEN,47.1,49.9,48.1494331359863,49.7480697631836,53.5,56.5,56.5,56.5,57,61,60.5,64.5,61.7,66,70.4,64.3,67.975341796875
Access to electricity (% of population),EG.ELC.ACCS.ZS,Serbia,SRB,99.6907216494845,99.5905914306641,99.5929412841797,99.6125183105469,99.6454849243164,99.7183979974969,99.736213684082,99.7863006591797,99.92,99.6607979324826,99.9,99.947395324707,100,99.9919052124023,99.8,100,100
Access to electricity (% of population),EG.ELC.ACCS.ZS,Seychelles,SYC,95.5089416503906,99,96.1397476196289,96.482795715332,96.8392333984375,97,98.0795593261719,98.2973022460938,98,100,100,100,100,100,100,100,100
Access to electricity (% of population),EG.ELC.ACCS.ZS,Sierra Leone,SLE,11.3324855164618,12.2133512496948,13.0068407058716,12.1,14.6416549682617,11.4621730735475,14.2,17.1558876037598,13.5,18.8293685913086,19.6586170196533,20.3,23.4,26.1,22.7,26.3106842041016,27.4940490722656
Access to electricity (% of population),EG.ELC.ACCS.ZS,Singapore,SGP,100,100,100,100,100,100,100,100,100,100,100,100,100,100,100,100,100
Access to electricity (% of population),EG.ELC.ACCS.ZS,Sint Maarten (Dutch part),SXM,99.7169418334961,99.6959457397461,99.6957931518555,99.7128677368164,99.7433242797852,100,100,100,100,100,100,100,100,100,100,100,100
Access to electricity (% of population),EG.ELC.ACCS.ZS,Slovak Republic,SVK,99.9320983886719,99.8885498046875,100,100,100,100,100,100,100,100,100,100,100,100,100,100,100
Access to electricity (% of population),EG.ELC.ACCS.ZS,Slovenia,SVN,100,100,100,100,100,100,100,100,100,100,100,100,100,100,100,100,100
Access to electricity (% of population),EG.ELC.ACCS.ZS,Solomon Islands,SLB,19.2386951446533,14.4,12.9,28.1246566772461,21.2,35.415153503418,39.1417922973633,42.8846702575684,44.7,50.478687286377,55.1,58.1968612670898,62.9,65.7860870361328,69.3951644897461,72.8979263305664,76.347526550293
Access to electricity (% of population),EG.ELC.ACCS.ZS,Somalia,SOM,14.9790945053101,15.2337858220211,20.2082080841064,22.8504104614258,25.5059986114502,52.2722282409668,52.0097274780273,51.7634582519531,51.5496597290039,51.3791885375977,51.2413673400879,51.1190757751465,52.1,50.7300186157227,49.2,49.8635635375977,49.3240242004395
Access to electricity (% of population),EG.ELC.ACCS.ZS,South Africa,ZAF,80.8,80.7,82,81.9,82.6,82.8,83.6,85.2,85.2,85.9,85.3,83.9,84.4,84.7,85,90,89.3
Access to electricity (% of population),EG.ELC.ACCS.ZS,South Sudan,SSD,..,..,0.796382963657379,1.27726471424103,3,1.5,2.78487372398377,3.29626798629761,3.80569219589233,4.31008577346802,4.80950117111206,5.3047661781311,4.2,6.28616857528687,6.77396583557129,7.2609338760376,7.74776268005371
Access to electricity (% of population),EG.ELC.ACCS.ZS,Spain,ESP,100,100,100,100,100,100,100,100,100,100,100,100,100,100,100,100,100
Access to electricity (% of population),EG.ELC.ACCS.ZS,Sri Lanka,LKA,78.0740814208984,82.05,80,82.8625564575195,87.09,85.3,87.76,87,90.2,92.697624206543,94.3307495117188,97.5,97.5,99.585578918457,99.7613525390625,99.9740982055664,100
Access to electricity (% of population),EG.ELC.ACCS.ZS,St. Kitts and Nevis,KNA,96.4972534179688,96.7497787475586,97.0231399536133,97.3137283325195,97.6176986694336,99.826057434082,100,100,100,100,100,100,100,100,100,100,100
Access to electricity (% of population),EG.ELC.ACCS.ZS,St. Lucia,LCA,90.0813751220703,90.9198150634766,91.7790908813477,92.6555862426758,93.5454788208008,94.2,95.3500518798828,95.3434225844005,97.162109375,98.062126159668,98.957160949707,99.8480377197266,99.8968353271484,99.9905014038086,100,100,100
Access to electricity (% of population),EG.ELC.ACCS.ZS,St. Martin (French part),MAF,99.7169418334961,99.6959457397461,99.6957931518555,99.7128677368164,99.7433242797852,100,100,100,100,100,100,100,100,100,100,100,100
Access to electricity (% of population),EG.ELC.ACCS.ZS,St. Vincent and the Grenadines,VCT,86.1885375976563,87.4653625488281,88.79,90.0779342651367,91.4062118530273,92.7440414428711,94.0875778198242,95.432991027832,96.7764282226563,98.1148376464844,99.4482650756836,99.7442474365234,99.9655151367188,100,100,100,100
Access to electricity (% of population),EG.ELC.ACCS.ZS,Sudan,SDN,30.4767589569092,30.7804279327393,31.1049346923828,19.97,29,35.9887390136719,38.3377990722656,40.7030906677246,43.1008567810059,44.9,48.0156898498535,50.5049591064453,52.9681205749512,55.3390274047852,57.5705184936523,59.6956977844238,61.7677192687988
Access to electricity (% of population),EG.ELC.ACCS.ZS,Suriname,SUR,94.8564224243164,91.0198398886182,94.7136611938477,94.6699295043945,94.6395874023438,91.1975158633725,94.6036987304688,94.5904769897461,94.5752868652344,94.5550689697266,94.983528137207,95.8207473754883,96.6318588256836,97.4,97.9301605224609,98.4032897949219,98.8232574462891
Access to electricity (% of population),EG.ELC.ACCS.ZS,Sweden,SWE,100,100,100,100,100,100,100,100,100,100,100,100,100,100,100,100,100
Access to electricity (% of population),EG.ELC.ACCS.ZS,Switzerland,CHE,100,100,100,100,100,100,100,100,100,100,100,100,100,100,100,100,100
Access to electricity (% of population),EG.ELC.ACCS.ZS,Syrian Arab Republic,SYR,92.0053176879883,99.5057574004942,91.5319595336914,91.3229293823242,91.1272811889648,92.7,91.4522094726563,90.7077178955078,90.4017791748047,90.2162628173828,90.0257568359375,89.8311080932617,89.6331405639648,86,89.2305679321289,89.0276184082031,88.8245315551758
Access to electricity (% of population),EG.ELC.ACCS.ZS,Tajikistan,TJK,99.3,98.5570297241211,98.5935745239258,98.6473541259766,99,98.7912216186523,98.8736419677734,99.1,99.0402450561523,99.1175308227539,98,99.2580032348633,99.3,99.3,99.4458847045898,99.505744934082,99.5654678344727
Access to electricity (% of population),EG.ELC.ACCS.ZS,Tanzania,TZA,13.7959012985229,14.8550510406494,15.935040473938,11.5,11.2,14.8,14.2,15.3,16.4,23.5,26.2212181091309,32.8,32.0970230102539,34.9296112060547,37.7,39.9,42.7433624267578
Access to electricity (% of population),EG.ELC.ACCS.ZS,Thailand,THA,92.8251953125,99.146201481454,94.137336730957,94.8210525512695,98.96,99.7,99.3199768066406,99.1086235489221,99.4044036865234,99.5061721801758,99.6,99.8852081298828,99.9,99.82,99.9,100,100
Access to electricity (% of population),EG.ELC.ACCS.ZS,Timor-Leste,TLS,33.5008125305176,36.6642913818359,36.6,43.0501518249512,46.2650833129883,38,52.7197456359863,55.9518013000488,59.1818885803223,62.4069442749023,67.2815339423354,76.5,79.5406646728516,85.1562805175781,90.6324844360352,96.0023727416992,100
Access to electricity (% of population),EG.ELC.ACCS.ZS,Togo,TGO,26.5024700164795,27.9,30.0424652099609,31.8401069641113,33.6511383056641,30.7917436845348,39.7,39.1261520385742,40.9523391723633,45.7,44.7450904846191,46.7748603820801,48,50,52.4619178771973,54.1275978088379,55.7401161193848
Access to electricity (% of population),EG.ELC.ACCS.ZS,Tonga,TON,89.0176773071289,92.3,90.4689407348633,91.2222137451172,91.9888763427734,92.7650833129883,92.175456108246,92.8,95.1126022338867,95.8893890380859,100,97.02,98.209831237793,99.0059814453125,98.4,99.8634948730469,100
Access to electricity (% of population),EG.ELC.ACCS.ZS,Trinidad and Tobago,TTO,95,100,100,100,99,100,97.5,100,100,100,100,100,100,100,100,100,100
Access to electricity (% of population),EG.ELC.ACCS.ZS,Tunisia,TUN,99.2,99.4,99.4,99.4,99.5,99.5,99.5,99.5,99.7,99.8,99.9,100,100,99.8,100,99.9,99.9
Access to electricity (% of population),EG.ELC.ACCS.ZS,Turkiye,TUR,99.6787567138672,99.6622543334961,99.6665954589844,99.6881561279297,99.7231063842773,100,100,100,100,100,100,100,100,100,100,100,100
Access to electricity (% of population),EG.ELC.ACCS.ZS,Turkmenistan,TKM,99.5364227294922,99.8413328044427,99.5690994262695,99.6130828857422,99.6704559326172,100,99.8100051879883,99.8844985961914,99.9431304931641,99.9820404052734,100,100,100,100,99.9,100,100
Access to electricity (% of population),EG.ELC.ACCS.ZS,Turks and Caicos Islands,TCA,95.9538116455078,96.2428894042969,96.5527954101563,96.8799362182617,100,100,100,93.1,100,100,100,100,100,100,100,99.4,100
Access to electricity (% of population),EG.ELC.ACCS.ZS,Tuvalu,TUV,95.5036315917969,95.7164993286133,96.7,96.2011489868164,96.4654693603516,96.7393417358398,97.0189208984375,97.671777399205,97.5798492431641,97.8543014526367,98.1237716674805,97.3,98.7211837768555,98.966911315918,99.7,99.4254760742188,99.6823654174805
Access to electricity (% of population),EG.ELC.ACCS.ZS,Uganda,UGA,8.9,9,14.8051137924194,15.9197969436646,10,12.1,14.6,20.4740047454834,13.9,20.4,18.5,26.7,32.3853492736816,41.92,41.3,42.139476776123,45.2203483581543
Access to electricity (% of population),EG.ELC.ACCS.ZS,Ukraine,UKR,99.885561701316,99.5428619384766,99.8,99.7878723144531,99.9001541137695,99.9698333740234,99.9957733154297,99.8674911660777,100,100,100,100,100,100,100,100,100
Access to electricity (% of population),EG.ELC.ACCS.ZS,United Arab Emirates,ARE,100,100,100,100,100,100,100,100,100,100,100,100,100,100,100,100,100
Access to electricity (% of population),EG.ELC.ACCS.ZS,United Kingdom,GBR,100,100,100,100,100,100,100,100,100,100,100,100,100,100,100,100,100
Access to electricity (% of population),EG.ELC.ACCS.ZS,United States,USA,100,100,100,100,100,100,100,100,100,100,100,100,100,100,100,100,100
Access to electricity (% of population),EG.ELC.ACCS.ZS,Uruguay,URY,98.0474090576172,98.505426,98.692636,98.784355,99.1,99.3,99.17,99.6,99.611808,99.657085,99.70948,99.7,99.8,99.8,99.9,100,100
Access to electricity (% of population),EG.ELC.ACCS.ZS,Uzbekistan,UZB,99.4496994018555,99.490096097274,99.4607391357422,99.493896484375,99.5404434204102,99.5965423583984,99.6583480834961,99.7220153808594,99.7837219238281,99.8403930664063,99.89208984375,99.9363708496094,99.9721069335938,99.9921875,99.9989929199219,100,99.9
Access to electricity (% of population),EG.ELC.ACCS.ZS,Vanuatu,VUT,31.0215530395508,26.44,33.6246200607903,36.471794128418,33.2911151921981,44.1,42.0422897338867,43.9079818725586,31.7,49.1151237487793,52.2605628967285,57.82,62.8,61.598991394043,64.5021820068359,67.2990570068359,70.0427703857422
Access to electricity (% of population),EG.ELC.ACCS.ZS,"Venezuela, RB",VEN,98.7767562866211,99.3,98.8523712158203,98.9178161621094,98.9966583251953,99.0850448608398,98.84,99.2751007080078,99.3690948486328,100,100,99.4,99.2,99.8781967163086,99.8447799682617,99.9163208007813,99.9877166748047
Access to electricity (% of population),EG.ELC.ACCS.ZS,Viet Nam,VNM,96.1,96,93.0883560180664,93.8383331298828,96.1,97.43,99,97.89,98.5282669067383,99.2,99.2542114257813,99.2,100,100,99.4,99.8,100
Access to electricity (% of population),EG.ELC.ACCS.ZS,Virgin Islands (U.S.),VIR,100,100,100,100,100,100,100,100,100,100,100,100,100,100,100,100,100
Access to electricity (% of population),EG.ELC.ACCS.ZS,West Bank and Gaza,PSE,99.6,99.7,98.8,99.8,99.9,99.9,99.7,99.8,99.9,99.9,99.9,100,99.9,100,100,100,100
Access to electricity (% of population),EG.ELC.ACCS.ZS,"Yemen, Rep.",YEM,54.849292755127,55.8003346346905,57.1745338439941,58.3647994995117,59.5684509277344,60.7816543579102,62.000560760498,52.41,75.6,66.1,67.4148864746094,68.8558654785156,79.2,62,72.7765731811523,73.8534622192383,74.877197265625
Access to electricity (% of population),EG.ELC.ACCS.ZS,Zambia,ZMB,23.282735824585,24.0823268890381,18.5,25.7404098510742,26.5914516448975,22,28.318338394165,29.1865043640137,30.0527019500732,27.9,31.1,35.3772201538086,40.3,40.2293395996094,43,44.6040687561035,46.685115814209
Access to electricity (% of population),EG.ELC.ACCS.ZS,Zimbabwe,ZWE,36.1214218139648,37.2,37.1796340942383,37.736385345459,43.3690818728747,38.8862075805664,36.9,44,40.6441612243652,32.3,33.7,42.4655876159668,43.9790649414063,45.4002876281738,46.6820945739746,52.7476674999602,48.9799270629883
Access to electricity (% of population),EG.ELC.ACCS.ZS,Africa Eastern and Southern,AFE,23.4930127792651,25.1912206446574,26.8079371107551,25.9433160820416,26.1938952124019,27.4001102274899,28.9143483184985,31.6669278676995,31.695183470279,31.8592573426147,33.903514646918,38.8514438926569,40.1973318677545,43.0283322203821,44.3897728327672,46.2686205693928,48.1036086917626
Access to electricity (% of population),EG.ELC.ACCS.ZS,Africa Western and Central,AFW,37.7921633219042,39.8188192606379,40.7643454681025,41.7411518658625,41.8710425405368,41.8393089883196,45.9110359521167,44.0536996258962,47.0519898009091,47.6474054675408,46.7589482276369,50.9031082335552,48.7876402420278,51.212862725193,51.1608170294888,51.7343879679826,54.2241873184273
Access to electricity (% of population),EG.ELC.ACCS.ZS,Arab World,ARB,83.5904598044664,85.8158684379698,84.1525012379927,83.8383594748195,84.7358382489694,87.4822309999527,87.7195690812728,87.4025016291348,89.3407047759842,88.832275926882,89.0538515925881,89.5390160628709,90.6627537412759,89.1769388289389,90.3528022912948,90.6350500075048,90.8456612947772
Access to electricity (% of population),EG.ELC.ACCS.ZS,Caribbean small states,CSS,89.7372706608004,90.7674059315531,91.7408447128724,92.9576683906018,92.2598647788774,93.4944367867573,92.9933825967119,94.4845196513344,94.983577946301,94.9165802698154,95.7568979910244,96.6941860693872,97.2281861510756,97.5543062321296,98.0299509210501,98.6553033226795,98.9122503727586
Access to electricity (% of population),EG.ELC.ACCS.ZS,Central Europe and the Baltics,CEB,98.320624750596,98.4066608499458,98.5298522764794,98.6550052088753,98.8533888946905,98.9642153361247,99.0760818023082,99.1947594837873,99.3054749110921,99.4136369851915,99.5248837225513,99.6435965392441,99.8667227807323,99.8772294193382,99.9451609693115,99.9787398737644,99.9864359030017
Access to electricity (% of population),EG.ELC.ACCS.ZS,Early-demographic dividend,EAR,72.8024087948585,73.8264769149188,75.7144012265065,77.4454755524515,78.3205893985207,79.42701451532,81.2026536117863,82.0887091064887,83.8336909994519,84.7978048093448,86.8584059509012,88.3718766024413,90.5309326494929,92.0410531466806,92.827658901038,93.4912789781468,95.2745590302042
Access to electricity (% of population),EG.ELC.ACCS.ZS,East Asia & Pacific,EAS,93.6177966969392,94.6634328514879,94.6552615987045,95.2203891101109,94.9985635055758,95.5572536071269,96.0327964988748,96.2535599723885,96.4847008168828,96.6504140998011,96.964052387219,97.0427749040886,97.7024677493887,97.6662419097489,97.8721175403037,97.7957143054258,98.1558936124241
Access to electricity (% of population),EG.ELC.ACCS.ZS,East Asia & Pacific (excluding high income),EAP,92.8920685617708,94.0589258006263,94.0513909827116,94.6814104197263,94.4434259392852,95.0658188250936,95.5959693035708,95.8432181966404,96.1018159570886,96.2873070227039,96.6363793095708,96.7248980371671,97.4566824635185,97.4175047912577,97.6460019069744,97.5624798493641,97.9622148306277
Access to electricity (% of population),EG.ELC.ACCS.ZS,East Asia & Pacific (IDA & IBRD countries),TEA,92.8921020624231,94.0589526647187,94.0514220143641,94.6814338680228,95.3149701468337,95.9007632799267,96.4075204217593,96.6274399315276,96.8595220135757,97.0183980692413,97.3435969598712,97.405207114926,98.1180117856779,98.0509929430853,98.2554880270959,98.1445791095986,98.523492633946
Access to electricity (% of population),EG.ELC.ACCS.ZS,Euro area,EMU,99.9899853279949,99.9895921986975,99.9918369570138,99.9925312700074,99.9952829622771,99.9958670536942,99.9962755211014,100,100,100,100,100,100,100,100,100,100
Access to electricity (% of population),EG.ELC.ACCS.ZS,Europe & Central Asia,ECS,99.2836733482492,99.2973343726373,99.3591585814215,99.4070163562318,99.4747239660166,99.658211144974,99.6643656664117,99.8258974046093,99.8494900709402,99.8771099500499,99.1688404022992,99.8326379008331,99.9628231414648,99.9710596215706,99.9503382436111,99.9754753970771,99.9876177101118
Access to electricity (% of population),EG.ELC.ACCS.ZS,Europe & Central Asia (excluding high income),ECA,98.6023222437073,98.6186587305765,98.7383243248867,98.8260783087709,98.9421602827908,99.3556563043605,99.3530484973374,99.7110199730097,99.747783094188,99.7945888486742,98.1309283045299,99.6569363739174,99.9139022638778,99.9417474811564,99.8852233051572,99.9436053097156,99.9714524383788
Access to electricity (% of population),EG.ELC.ACCS.ZS,Europe & Central Asia (IDA & IBRD countries),TEC,98.5729713211738,98.5980292216214,98.7153313590992,98.8094551358438,98.9436459870997,99.313704074334,99.3273718618254,99.6506815819101,99.6978665900556,99.7532905289388,98.3330658556712,99.664606683643,99.9255399528405,99.9420337165487,99.9005705884374,99.9509056755934,99.9752182578716
Access to electricity (% of population),EG.ELC.ACCS.ZS,European Union,EUU,99.5911753901175,99.6143576559944,99.646686535789,99.6789509304333,99.7274756674722,99.7550503730474,99.7816358670621,99.8104006316021,99.8372148984765,99.863196249531,99.889647307613,99.9176066297493,99.9693132092866,99.9718374179182,99.9874478132819,99.9951476443481,99.9969239473697
Access to electricity (% of population),EG.ELC.ACCS.ZS,Fragile and conflict affected situations,FCS,42.8351365053638,44.2725101219383,45.0194625224962,44.7740944852729,45.7873697908257,46.0801973480155,47.9333465631804,48.9859617698259,50.619325926845,50.0263311738601,50.0843698701678,54.1877754307428,54.5577820068256,54.5866438723999,55.5003551094614,56.3466427197104,57.850620970746
Access to electricity (% of population),EG.ELC.ACCS.ZS,Heavily indebted poor countries (HIPC),HPC,21.6807664532448,24.3155707241416,25.8834864365818,25.8502967456582,27.0662652395204,28.6992683160992,29.1997159210153,31.929786387666,32.9074944372935,35.4000440303303,35.4839247617059,40.6302047727555,41.5136644665979,44.0275874468351,45.0546163791218,46.3716491188789,48.0484301640399
Access to electricity (% of population),EG.ELC.ACCS.ZS,High income,HIC,99.7950410200908,99.8318232239171,99.8269434168704,99.841129403662,99.8762889321847,99.8860946120104,99.8957929408535,99.9160471513412,99.915971889384,99.9340748736013,99.9386525809501,99.9487935146324,99.9661644255868,99.9660776909752,99.9726382116963,99.9781240592862,99.9783387901063
Access to electricity (% of population),EG.ELC.ACCS.ZS,IBRD only,IBD,87.7364279314166,88.1488826374447,89.3147779559536,90.1571054657207,90.6583294465656,91.4403827516806,92.5086042848764,92.7829237738611,93.7889939323413,94.4345139222211,95.1817340659725,95.8357517761007,96.6100097493378,97.7534775401312,97.873957825607,98.0593291671152,99.1032185398158
Access to electricity (% of population),EG.ELC.ACCS.ZS,IDA & IBRD total,IBT,77.1896335439277,77.961206668324,78.7280552071548,79.5632332770765,80.0538961022818,80.7499931219668,82.0227965114416,82.5484621341097,83.4564020833615,84.0435335326777,84.8996168950781,86.2840152773919,87.2647558209415,88.2991347274585,88.6559602570215,88.9977112306291,90.097853613603
Access to electricity (% of population),EG.ELC.ACCS.ZS,IDA blend,IDB,60.3825006200259,61.2673863816286,62.7007343070557,63.4668215743072,63.3681968594011,64.2305408366981,68.6504133729193,68.3230305073421,69.5737923974497,68.7536284152829,69.0454562365564,72.9171606802299,71.8735553620849,73.3779467662156,74.0936249825621,74.6115929885099,76.6197483450773
Access to electricity (% of population),EG.ELC.ACCS.ZS,IDA only,IDX,31.9300192007919,35.1536995484473,34.8853378790197,36.3796140824942,37.7616006143734,38.6404667009762,39.9327434620946,42.6248061714836,43.4143297290186,44.9435815285465,47.0908625637948,50.999666958242,54.4342027181171,55.3283640204087,57.0978623380197,58.6110077802958,60.1249516723156
Access to electricity (% of population),EG.ELC.ACCS.ZS,IDA total,IDA,41.517773246811,43.9527613317483,44.1761477204794,45.4360837170957,46.3346264037335,47.2215916032297,49.5716816507908,51.2485865495772,52.1897370188491,52.9256003401454,54.4403718933606,58.3193541059497,60.2450042340837,61.331022920693,62.7388623353688,63.9126148472329,65.582859437609
Access to electricity (% of population),EG.ELC.ACCS.ZS,Late-demographic dividend,LTE,97.1911503003099,97.8895200033408,97.6253298904129,97.9972502618389,97.7059329272815,98.3642154638057,98.6342346409956,98.7558761609774,98.901380584373,99.0086987636968,98.7878551352355,99.124673422688,99.2787422688499,99.2874837036278,99.3347587195196,99.3928618963169,99.4131176235285
Access to electricity (% of population),EG.ELC.ACCS.ZS,Latin America & Caribbean,LCN,93.5237581951891,94.2558803091059,94.4873542693409,95.2341201547815,95.406830085536,95.8832609048479,96.1995635923919,96.5837086257766,96.8661055115597,97.0359219761413,97.2899889633923,97.480722334033,97.7135423638857,97.7599123737604,98.0048343535344,98.157889337856,98.2593161256123
Access to electricity (% of population),EG.ELC.ACCS.ZS,Latin America & Caribbean (excluding high income),LAC,93.0979899256055,93.8145225589809,94.1257765694089,94.9408303711606,95.0836003219032,95.6017138666721,95.9598429697213,96.33502100018,96.6575933889312,96.7863756836657,97.071785286048,97.3020359232106,97.5716960300422,97.5798249404219,97.8545771876564,98.010618597904,98.1208708302275
Access to electricity (% of population),EG.ELC.ACCS.ZS,Latin America & the Caribbean (IDA & IBRD countries),TLA,93.3975820258802,94.149287910276,94.3849409950142,95.150322377714,95.3243746029418,95.8117073343842,96.1320857443855,96.5235384313587,96.8095265130683,96.9803502426646,97.2376909799238,97.430077390174,97.6657035991251,97.7102589416012,97.9584163764089,98.1131138091714,98.2163099262589
Access to electricity (% of population),EG.ELC.ACCS.ZS,Least developed countries: UN classification,LDC,26.2589101431551,29.1085881009264,29.336515087582,30.7058518516486,32.0918692278687,32.9550519677256,34.4628675582437,37.8346527458637,38.1908141899789,39.4990623745332,42.3234608710316,46.3724527885629,50.2439651556461,51.2158856631072,52.990032396512,54.5978223054744,56.2501200473951
Access to electricity (% of population),EG.ELC.ACCS.ZS,Low & middle income,LMY,76.7998053841832,77.579831065616,78.3695222915548,79.2221073412168,79.4858307595606,80.2092032756078,81.5130254999872,82.0540706335545,82.9876556623583,83.5893343921526,84.4687550884817,85.8843475380346,86.8885850789248,87.945807844971,88.3197249234501,88.6766307763507,89.801259680994
Access to electricity (% of population),EG.ELC.ACCS.ZS,Low income,LIC,19.5239396449683,22.0450808232033,23.5683364938557,23.1131120751516,24.6655181726945,26.173680773386,26.7489451420951,29.838495964202,30.8753767187629,32.2830505521725,32.2087517333881,37.4414760124387,39.0749596049725,40.4953093607689,41.8414437475104,43.2232496613728,44.8097550185129
Access to electricity (% of population),EG.ELC.ACCS.ZS,Lower middle income,LMC,67.3592727420531,67.97913855378,69.8526312260427,71.5964040648942,72.3008636724792,73.3297045543182,76.0737551151869,76.5756604633434,78.4560185018395,79.5682404509452,81.7957854710471,83.7271660986643,85.5722360318923,87.7101231361847,88.3588462262185,89.0889116933585,91.1281854263186
Access to electricity (% of population),EG.ELC.ACCS.ZS,Middle East & North Africa,MEA,93.9253313994761,95.8380072375114,94.1525545580793,94.7733962228344,94.9038806338922,95.9135294876026,95.9219403185226,95.4333005594465,97.0774268542969,96.5192251962377,96.5044349539487,96.785628505957,97.6319329293864,96.1494330838181,97.1296939736104,97.2299187345237,97.2901080899787
Access to electricity (% of population),EG.ELC.ACCS.ZS,Middle East & North Africa (excluding high income),MNA,93.0978765403519,95.2542747996295,93.300114494656,93.982177203728,94.1068270365601,95.2626212309125,95.2658138386922,94.6913538576603,96.598950949965,95.9474000487267,95.9278842082872,96.2611901598489,97.2398130881751,95.5144196886912,96.6493667443399,96.7723312907715,96.8485307456121
Access to electricity (% of population),EG.ELC.ACCS.ZS,Middle East & North Africa (IDA & IBRD countries),TMN,93.0279230288586,95.2061351142548,93.2401638600876,93.9182120957005,94.042645381579,95.2109085426777,95.216034939732,94.6336339423707,96.5614894870618,95.9024013045913,95.8825170358447,96.218300089301,97.2092034178917,95.4623763137485,96.6101761371236,96.7342401361316,96.8109781581401
Access to electricity (% of population),EG.ELC.ACCS.ZS,Middle income,MIC,81.5118194766929,82.2351336747929,83.1806693727786,84.2382365328804,84.7353150940173,85.4694159144079,86.9306050857188,87.2968521867307,88.2878229270179,88.8730158794752,89.9227699791578,91.0155827674476,92.0328373741862,93.135832310819,93.4949231605681,93.8313984895075,94.9988691384875
Access to electricity (% of population),EG.ELC.ACCS.ZS,North America,NAC,100,100,100,100,100,100,100,100,100,100,100,100,100,100,100,100,100
Access to electricity (% of population),EG.ELC.ACCS.ZS,Not classified,INX,..,..,..,..,..,..,..,..,..,..,..,..,..,..,..,..,..
Access to electricity (% of population),EG.ELC.ACCS.ZS,OECD members,OED,99.7405046200273,99.7384876643715,99.6277119683118,99.7451794038535,99.6920724052443,99.8110813175649,99.7878031084736,99.815103287234,99.8385333888539,99.8454746428987,99.8396329578747,99.8959862909447,99.9406548409622,99.898665125268,99.9417429799391,99.9341110905006,99.9999664960085
Access to electricity (% of population),EG.ELC.ACCS.ZS,Other small states,OSS,58.4804648147277,60.3098671133161,61.9170304323073,63.1404080701736,63.6090874995919,65.5835724763312,67.5249323591535,68.5094744313975,69.655746058275,70.8915899121217,72.4073655360217,73.653078981418,74.6671786495757,76.7381651847628,77.5806029869783,78.3031071810845,79.4317137857329
Access to electricity (% of population),EG.ELC.ACCS.ZS,Pacific island small states,PSS,62.1354773405779,61.4755753306327,63.6880947318088,67.0068323060315,64.5377521129511,71.5824414052404,72.6855380734421,73.7935838568524,72.6375494490332,76.6582089801468,78.6828932759212,80.128429313677,82.3569094770402,82.9409682652389,84.586390264391,86.4295282485359,85.8698068779362
Access to electricity (% of population),EG.ELC.ACCS.ZS,Post-demographic dividend,PST,99.8054547170372,99.8046123425908,99.8313650657245,99.8432343755006,99.8615232352633,99.87849431182,99.8926729105254,99.900845925275,99.9182376314058,99.9318194804008,99.9432355974235,99.95748721297,99.970677227618,99.9822810714951,99.992923111541,99.9974571708012,99.9987680314748
Access to electricity (% of population),EG.ELC.ACCS.ZS,Pre-demographic dividend,PRE,29.7360725750243,30.9844303246664,32.3221660634035,32.1166694386022,32.1735568998107,32.6452421046982,36.0370936605363,37.4483330723161,38.332520440847,39.8378082906362,40.0625344461947,44.607165125994,44.3175669864481,47.0815597347205,47.5750561263581,48.3825862808549,50.5270527024391
Access to electricity (% of population),EG.ELC.ACCS.ZS,Small states,SST,65.2826260600966,66.6891626465615,68.1069200297979,69.3677110805704,69.3288378557568,71.4183872397741,72.7772681419501,73.8136938608592,74.6326058497079,75.7337853889808,77.0907484916238,78.2321696519206,79.1820015508728,80.8243125668737,81.6216512223259,82.369255441152,83.229217264666
Access to electricity (% of population),EG.ELC.ACCS.ZS,South Asia,SAS,66.7271002014459,66.9348393352098,70.1180992635938,72.4511661030005,73.7106858515442,75.1065106952735,78.0008905481594,79.4772190069853,81.6694981063373,83.8821694908723,86.7848237276449,88.9127386828549,91.667421202363,94.6197220693194,95.3123071601405,96.1949614877889,98.7680724274461
Access to electricity (% of population),EG.ELC.ACCS.ZS,South Asia (IDA & IBRD),TSA,66.7271002014459,66.9348393352098,70.1180992635938,72.4511661030005,73.7106858515443,75.1065106952735,78.0008905481594,79.4772190069853,81.6694981063372,83.8821694908723,86.7848237276449,88.9127386828549,91.667421202363,94.6197220693194,95.3123071601405,96.1949614877889,98.7680724274461
Access to electricity (% of population),EG.ELC.ACCS.ZS,Sub-Saharan Africa,SSF,29.290946875005,31.1269424609275,32.4526158899471,32.3352453671889,32.5402369001504,33.2483108022943,35.8027984487234,36.6891670911341,37.9209670148223,38.2590121946305,39.1120981964376,43.7339405777509,43.6785478503009,46.3447394576434,47.132520850925,48.4818374456068,50.5814838112373
Access to electricity (% of population),EG.ELC.ACCS.ZS,Sub-Saharan Africa (excluding high income),SSA,29.2836890293564,31.1195480484386,32.4459295348517,32.3285454985089,32.5336779093924,33.2418052442879,35.7967759159994,36.6833126497524,37.9153083648484,38.2532647855591,39.1064586400646,43.7287988919778,43.6734735218848,46.3399864080724,47.1279186117719,48.4774311171018,50.5773306204726
Access to electricity (% of population),EG.ELC.ACCS.ZS,Sub-Saharan Africa (IDA & IBRD countries),TSS,29.290946875005,31.1269424609275,32.4526158899471,32.3352453671889,32.5402369001503,33.2483108022943,35.8027984487234,36.6891670911341,37.9209670148223,38.2590121946305,39.1120981964376,43.7339405777509,43.6785478503009,46.3447394576434,47.132520850925,48.4818374456068,50.5814838112373
Access to electricity (% of population),EG.ELC.ACCS.ZS,Upper middle income,UMC,95.6555613818443,96.6152153935095,96.7510983868085,97.2215575951791,97.6138857696683,98.1568914002905,98.3751101027481,98.6805339504947,98.8012748549437,98.8957332089441,98.7405474692437,98.9816995138701,99.1450919184264,99.1538494515762,99.2361951508819,99.1786414460914,99.4039744233985
Access to electricity (% of population),EG.ELC.ACCS.ZS,World,WLD,80.8359488715867,81.4688643722278,82.0958160032311,82.7887991469847,82.9839617858527,83.5660327863735,84.6243387003253,85.0588741198615,85.8173656729194,86.3069690061954,87.0252413350898,88.1923849315189,89.0195480673107,89.893732623844,90.1947155859925,90.4836286979454,91.4139413524894
,,,,,,,,,,,,,,,,,,,,
,,,,,,,,,,,,,,,,,,,,
,,,,,,,,,,,,,,,,,,,,
Data from database: World Development Indicators,,,,,,,,,,,,,,,,,,,,
Last Updated: 10/26/2023,,,,,,,,,,,,,,,,,,,,
