Country ISO3,Country Name,Indicator ID,Indicator,Subindicator Type,2002,2003,2004,2005,2006,2007,2008,2009,2010,2011,2013,2014,2015,2016,2017,2018,2019,2020,2021,2022,2023
AFG,Afghanistan,32416,Press Freedom Index,Total,35.5,40.17,28.25,39.17,44.25,56.5,59.25,54.25,51.67,74.0,62.64,62.93,62.56,62.25,60.54,62.72,63.45,62.3,59.81,38.27,39.75
AFG,Afghanistan,32417,Press Freedom Rank,Total,104.0,134.0,97.0,125.0,130.0,142.0,156.0,149.0,147.0,150.0,128.0,128.0,122.0,120.0,120.0,118.0,121.0,122.0,122.0,156.0,152.0
AGO,Angola,32416,Press Freedom Index,Total,30.17,28.0,26.5,18.0,21.5,26.5,29.5,36.5,28.5,58.43,62.2,63.5,62.16,60.11,59.58,61.65,65.04,66.08,65.94,57.17,48.3
AGO,Angola,32417,Press Freedom Rank,Total,93.0,97.0,91.0,76.0,91.0,91.0,116.0,119.0,104.0,132.0,130.0,124.0,123.0,123.0,125.0,121.0,109.0,106.0,103.0,99.0,125.0
ALB,Albania,32416,Press Freedom Index,Total,,6.5,11.5,14.17,18.0,25.5,16.0,21.75,21.5,34.44,69.12,70.08,71.23,70.08,70.08,70.51,70.16,69.75,69.41,56.41,57.86
ALB,Albania,32417,Press Freedom Rank,Total,,34.0,50.0,62.0,80.0,87.0,79.0,88.0,80.0,96.0,102.0,85.0,82.0,82.0,76.0,75.0,82.0,84.0,83.0,103.0,96.0
AND,Andorra,32416,Press Freedom Index,Total,,,,,,,,,,,93.18,93.18,80.13,80.13,78.97,77.79,75.37,76.77,76.68,68.79,75.05
AND,Andorra,32417,Press Freedom Rank,Total,,,,,,,,,,,5.0,5.0,32.0,33.0,35.0,37.0,37.0,37.0,39.0,53.0,37.0
ARE,United Arab Emirates,32416,Press Freedom Index,Total,,37.0,50.25,25.75,17.5,20.25,14.5,21.5,23.75,45.0,66.51,63.97,63.27,63.27,60.61,59.14,56.37,57.31,56.87,44.46,42.99
ARE,United Arab Emirates,32417,Press Freedom Rank,Total,,122.0,137.0,100.0,77.0,65.0,69.0,86.0,87.0,112.0,114.0,118.0,120.0,119.0,119.0,128.0,133.0,131.0,131.0,138.0,145.0
ARG,Argentina,32416,Press Freedom Index,Total,12.0,15.17,21.33,13.67,17.3,24.83,14.08,11.33,16.35,14.0,74.33,74.73,73.89,74.91,74.93,73.95,71.7,71.22,71.01,77.28,73.36
ARG,Argentina,32417,Press Freedom Rank,Total,42.0,67.0,79.0,59.0,76.0,82.0,68.0,47.0,55.0,48.0,54.0,55.0,57.0,54.0,50.0,52.0,57.0,64.0,69.0,29.0,40.0
ARM,Armenia,32416,Press Freedom Index,Total,,25.17,23.5,26.0,25.5,23.63,22.75,31.13,27.5,27.0,71.96,70.93,71.57,71.21,69.62,70.01,71.02,71.4,71.17,68.97,70.61
ARM,Armenia,32417,Press Freedom Rank,Total,,90.0,83.0,102.0,101.0,77.0,102.0,111.0,101.0,77.0,74.0,78.0,78.0,74.0,79.0,80.0,61.0,61.0,63.0,51.0,49.0
AUS,Australia,32416,Press Freedom Index,Total,3.5,9.25,9.5,6.5,9.0,8.79,6.25,3.13,5.38,4.0,84.76,83.09,82.97,82.16,83.98,84.54,83.45,79.79,80.21,73.77,78.24
AUS,Australia,32417,Press Freedom Rank,Total,12.0,50.0,41.0,31.0,35.0,28.0,28.0,16.0,18.0,30.0,26.0,28.0,25.0,25.0,19.0,19.0,21.0,26.0,25.0,39.0,27.0
AUT,Austria,32416,Press Freedom Index,Total,7.5,2.75,3.25,2.5,4.5,4.25,3.5,3.0,0.5,-8.0,90.6,89.99,89.15,86.82,86.53,85.96,84.67,84.22,83.66,76.74,77.3
AUT,Austria,32417,Press Freedom Rank,Total,27.0,16.0,17.0,16.0,16.0,16.0,14.0,13.0,7.0,5.0,12.0,12.0,7.0,11.0,11.0,11.0,16.0,18.0,17.0,31.0,29.0
AZE,Azerbaijan,32416,Press Freedom Index,Total,34.5,34.5,49.67,51.0,47.0,55.4,53.63,53.5,56.38,87.25,52.27,47.13,41.59,42.11,43.6,40.27,40.87,41.52,41.23,39.4,39.93
AZE,Azerbaijan,32417,Press Freedom Rank,Total,101.0,113.0,136.0,141.0,135.0,139.0,150.0,146.0,152.0,162.0,156.0,160.0,162.0,163.0,162.0,163.0,166.0,168.0,167.0,154.0,151.0
BDI,Burundi,32416,Press Freedom Index,Total,24.5,26.25,19.0,23.0,39.83,43.4,21.0,29.0,28.88,57.75,61.98,59.5,57.07,45.9,44.22,44.74,47.11,44.67,52.43,55.74,52.14
BDI,Burundi,32417,Press Freedom Rank,Total,72.0,92.0,73.0,90.0,125.0,127.0,94.0,103.0,108.0,130.0,132.0,142.0,145.0,156.0,160.0,159.0,159.0,160.0,147.0,107.0,114.0
BEL,Belgium,32416,Press Freedom Index,Total,3.5,1.17,4.0,4.0,4.0,1.5,3.0,2.5,4.0,-2.0,87.06,87.2,88.02,85.82,87.25,86.84,87.93,87.43,88.31,78.86,76.47
BEL,Belgium,32417,Press Freedom Rank,Total,13.0,7.0,22.0,18.0,14.0,5.0,7.0,11.0,14.0,20.0,21.0,23.0,15.0,13.0,9.0,7.0,9.0,12.0,11.0,23.0,31.0
BEN,Benin,32416,Press Freedom Index,Total,6.0,5.25,5.5,5.5,5.5,17.0,15.0,16.0,19.0,31.0,71.67,71.17,70.76,71.03,69.68,69.84,68.26,64.89,61.82,48.39,52.44
BEN,Benin,32417,Press Freedom Rank,Total,21.0,29.0,27.0,25.0,24.0,53.0,70.0,72.0,70.0,91.0,79.0,75.0,84.0,78.0,78.0,84.0,96.0,113.0,114.0,121.0,112.0
BFA,Burkina Faso,32416,Press Freedom Index,Total,27.75,18.0,16.25,19.0,16.0,21.5,13.0,15.0,15.0,23.33,76.3,75.55,76.21,77.34,76.15,76.67,75.47,76.53,76.83,73.12,67.64
BFA,Burkina Faso,32417,Press Freedom Rank,Total,85.0,76.0,64.0,78.0,70.0,68.0,63.0,57.0,49.0,69.0,46.0,52.0,46.0,42.0,42.0,41.0,36.0,38.0,37.0,41.0,58.0
BGD,Bangladesh,32416,Press Freedom Index,Total,43.75,46.5,62.5,61.25,48.0,53.17,42.7,37.33,42.5,57.0,57.99,57.42,57.05,54.06,51.64,51.38,49.26,50.63,50.29,36.63,35.31
BGD,Bangladesh,32417,Press Freedom Rank,Total,118.0,143.0,151.0,151.0,137.0,134.0,136.0,121.0,126.0,129.0,144.0,146.0,146.0,144.0,146.0,146.0,150.0,151.0,152.0,162.0,163.0
BGR,Bulgaria,32416,Press Freedom Index,Total,9.75,6.5,8.0,10.25,9.0,16.25,12.5,15.61,19.0,29.0,71.42,68.58,67.09,65.54,64.99,64.78,64.89,64.94,62.71,59.12,62.98
BGR,Bulgaria,32417,Press Freedom Rank,Total,38.0,34.0,36.0,48.0,36.0,51.0,59.0,68.0,71.0,81.0,87.0,100.0,106.0,113.0,109.0,111.0,111.0,111.0,112.0,91.0,71.0
BHR,Bahrain,32416,Press Freedom Index,Total,23.0,35.17,52.5,38.75,28.0,38.0,21.17,36.5,51.38,125.0,37.25,41.74,41.31,45.14,41.12,39.15,38.69,39.87,38.9,30.97,30.59
BHR,Bahrain,32417,Press Freedom Rank,Total,67.0,117.0,143.0,123.0,111.0,118.0,96.0,119.0,144.0,173.0,165.0,163.0,163.0,162.0,164.0,166.0,167.0,169.0,168.0,167.0,171.0
BIH,Bosnia and Herzegovina,32416,Press Freedom Index,Total,12.5,6.83,3.67,7.0,5.0,11.17,8.0,10.5,13.5,19.5,73.14,73.14,72.49,71.55,72.17,72.63,70.98,71.49,71.66,65.64,65.43
BIH,Bosnia and Herzegovina,32417,Press Freedom Rank,Total,43.0,37.0,21.0,33.0,19.0,34.0,36.0,39.0,47.0,59.0,68.0,66.0,66.0,68.0,65.0,62.0,63.0,58.0,58.0,67.0,64.0
BLR,Belarus,32416,Press Freedom Index,Total,52.17,52.0,54.1,61.33,57.0,63.63,58.33,59.5,57.0,99.0,51.65,52.18,52.02,45.68,47.57,47.41,48.34,50.25,49.18,39.62,37.17
BLR,Belarus,32417,Press Freedom Rank,Total,124.0,151.0,144.0,152.0,151.0,151.0,154.0,151.0,154.0,168.0,157.0,157.0,157.0,157.0,153.0,155.0,153.0,153.0,158.0,153.0,157.0
BLZ,Belize,32416,Press Freedom Index,Total,,,,,,,,,,,,82.95,81.46,79.39,76.57,75.45,72.5,72.5,72.39,70.67,70.49
BLZ,Belize,32417,Press Freedom Rank,Total,,,,,,,,,,,,29.0,30.0,36.0,41.0,47.0,53.0,53.0,53.0,47.0,51.0
BOL,Bolivia,32416,Press Freedom Index,Total,14.5,9.67,20.0,9.67,4.5,21.5,28.2,24.17,28.13,40.0,67.2,68.96,68.71,68.22,66.12,67.55,64.62,64.63,64.53,47.58,51.09
BOL,Bolivia,32417,Press Freedom Rank,Total,48.0,51.0,76.0,45.0,17.0,68.0,115.0,95.0,103.0,108.0,109.0,94.0,94.0,97.0,107.0,110.0,113.0,114.0,110.0,126.0,117.0
BRA,Brazil,32416,Press Freedom Index,Total,18.75,16.75,16.5,14.5,17.17,25.25,18.0,15.88,16.6,35.33,67.25,65.97,68.07,67.38,66.42,68.8,67.21,65.95,63.75,55.36,58.67
BRA,Brazil,32417,Press Freedom Rank,Total,54.0,71.0,66.0,63.0,75.0,84.0,82.0,71.0,58.0,99.0,108.0,111.0,99.0,104.0,103.0,102.0,105.0,107.0,111.0,110.0,92.0
BRN,Brunei Darussalam,32416,Press Freedom Index,Total,38.0,,,,,,,63.5,51.0,56.2,64.55,64.55,63.24,46.15,46.28,48.52,48.52,50.35,50.09,42.53,44.2
BRN,Brunei Darussalam,32417,Press Freedom Rank,Total,111.0,,,,,,,155.0,142.0,125.0,122.0,117.0,121.0,155.0,156.0,153.0,152.0,152.0,154.0,144.0,142.0
BTN,Bhutan,32416,Press Freedom Index,Total,90.75,77.33,55.83,51.5,25.0,37.17,15.5,15.75,17.75,24.0,71.58,69.27,67.35,69.27,69.27,69.27,70.19,71.1,71.14,76.46,59.25
BTN,Bhutan,32417,Press Freedom Rank,Total,135.0,157.0,146.0,142.0,98.0,116.0,74.0,70.0,64.0,70.0,82.0,92.0,104.0,94.0,84.0,94.0,80.0,67.0,65.0,33.0,90.0
BWA,Botswana,32416,Press Freedom Index,Total,,13.0,11.5,14.0,13.0,23.5,14.0,15.5,17.5,12.0,77.09,77.09,77.09,77.09,75.07,74.71,74.91,76.44,76.75,58.49,64.61
BWA,Botswana,32417,Press Freedom Rank,Total,,62.0,50.0,60.0,53.0,75.0,66.0,62.0,62.0,43.0,40.0,41.0,42.0,43.0,48.0,48.0,44.0,39.0,38.0,95.0,65.0
CAF,Central African Republic,32416,Press Freedom Index,Total,21.5,32.75,32.5,19.75,14.5,22.5,18.5,17.75,18.5,20.0,73.39,66.87,66.16,66.4,63.88,64.75,52.73,57.13,58.08,56.96,57.56
CAF,Central African Republic,32417,Press Freedom Rank,Total,63.0,107.0,104.0,82.0,65.0,71.0,85.0,80.0,69.0,62.0,65.0,109.0,110.0,110.0,113.0,112.0,145.0,132.0,126.0,101.0,98.0
CAN,Canada,32416,Press Freedom Index,Total,0.75,1.83,3.33,4.5,4.5,4.88,3.33,3.7,7.0,-5.67,87.31,89.01,89.01,84.74,83.47,84.72,84.31,84.71,84.75,81.74,83.53
CAN,Canada,32417,Press Freedom Rank,Total,5.0,10.0,18.0,21.0,18.0,18.0,13.0,19.0,21.0,10.0,20.0,18.0,8.0,18.0,22.0,18.0,18.0,16.0,14.0,19.0,15.0
CHE,Switzerland,32416,Press Freedom Index,Total,4.25,2.5,0.5,0.5,2.5,3.0,3.0,1.0,0.0,-6.2,90.06,89.53,86.15,88.24,87.87,88.73,89.48,89.38,89.45,82.72,84.4
CHE,Switzerland,32417,Press Freedom Rank,Total,15.0,12.0,1.0,1.0,9.0,11.0,7.0,7.0,6.0,8.0,14.0,15.0,20.0,7.0,7.0,5.0,6.0,8.0,10.0,14.0,12.0
CHL,Chile,32416,Press Freedom Index,Total,6.5,6.83,10.0,11.75,11.63,12.13,11.5,10.5,10.5,29.0,73.76,74.2,77.0,80.77,79.47,77.31,74.35,72.69,72.11,60.61,60.09
CHL,Chile,32417,Press Freedom Rank,Total,24.0,37.0,42.0,50.0,49.0,39.0,56.0,39.0,33.0,82.0,60.0,58.0,43.0,31.0,33.0,38.0,46.0,51.0,54.0,82.0,83.0
CHN,China,32416,Press Freedom Index,Total,97.0,91.25,92.33,83.0,94.0,89.0,85.5,84.5,84.67,136.0,26.93,27.09,26.45,19.04,22.34,21.71,21.08,21.52,21.28,25.17,22.97
CHN,China,32417,Press Freedom Rank,Total,138.0,161.0,162.0,159.0,163.0,163.0,167.0,168.0,171.0,174.0,173.0,175.0,176.0,176.0,176.0,176.0,177.0,177.0,177.0,175.0,179.0
CIV,Cote d'Ivoire,32416,Press Freedom Index,Total,19.0,42.17,60.38,52.25,25.0,27.0,26.5,29.0,36.0,83.5,70.23,68.37,69.55,69.83,69.58,69.92,70.48,71.06,71.13,74.46,68.83
CIV,Cote d'Ivoire,32417,Press Freedom Rank,Total,55.0,137.0,149.0,144.0,99.0,94.0,109.0,103.0,118.0,159.0,96.0,101.0,86.0,86.0,81.0,82.0,71.0,68.0,66.0,37.0,54.0
CMR,Cameroon,32416,Press Freedom Index,Total,28.83,30.5,27.0,20.5,28.25,36.0,36.9,30.5,44.3,35.0,65.22,61.87,60.37,59.47,58.41,59.08,56.68,56.72,56.22,49.1,45.58
CMR,Cameroon,32417,Press Freedom Rank,Total,88.0,98.0,93.0,83.0,112.0,111.0,129.0,109.0,129.0,97.0,120.0,131.0,133.0,126.0,130.0,129.0,131.0,134.0,135.0,118.0,138.0
COD,"Congo, Dem. Rep.",32416,Press Freedom Index,Total,40.75,38.5,51.5,57.33,51.0,50.5,51.25,53.5,51.83,67.67,58.34,55.36,55.69,49.03,47.33,48.4,48.29,50.91,51.41,47.66,48.55
COD,"Congo, Dem. Rep.",32417,Press Freedom Rank,Total,113.0,127.0,141.0,146.0,143.0,133.0,148.0,146.0,148.0,145.0,142.0,151.0,150.0,152.0,154.0,154.0,154.0,150.0,149.0,125.0,124.0
COG,"Congo, Rep.",32416,Press Freedom Index,Total,23.17,14.0,17.5,17.0,17.0,24.5,20.75,34.25,33.6,30.38,71.8,70.56,67.0,64.16,63.27,64.58,63.96,63.44,61.17,58.64,60.42
COG,"Congo, Rep.",32417,Press Freedom Rank,Total,69.0,63.0,69.0,71.0,73.0,80.0,92.0,116.0,114.0,90.0,76.0,82.0,107.0,115.0,115.0,114.0,117.0,118.0,118.0,93.0,81.0
COL,Colombia,32416,Press Freedom Index,Total,40.83,49.17,47.38,40.17,44.75,42.33,35.5,40.13,51.5,66.5,62.52,63.32,60.92,55.89,58.53,58.97,57.18,57.34,56.26,42.43,45.23
COL,Colombia,32417,Press Freedom Rank,Total,114.0,147.0,134.0,128.0,131.0,126.0,126.0,126.0,145.0,143.0,129.0,126.0,128.0,134.0,129.0,130.0,129.0,130.0,134.0,145.0,139.0
COM,Comoros,32416,Press Freedom Index,Total,20.5,18.5,26.5,22.0,22.5,28.0,20.0,19.0,19.0,13.0,75.48,75.48,75.48,75.67,75.67,74.7,72.09,70.23,69.35,60.16,62.25
COM,Comoros,32417,Press Freedom Rank,Total,58.0,79.0,91.0,88.0,93.0,96.0,89.0,82.0,72.0,45.0,51.0,53.0,50.0,50.0,44.0,49.0,56.0,75.0,84.0,83.0,75.0
CPV,Cabo Verde,32416,Press Freedom Index,Total,13.75,8.25,8.75,6.0,11.5,14.0,8.0,11.0,8.0,-6.0,85.67,85.68,79.31,80.18,81.98,79.61,80.19,79.85,79.91,75.37,75.72
CPV,Cabo Verde,32417,Press Freedom Rank,Total,46.0,47.0,38.0,29.0,45.0,45.0,36.0,44.0,26.0,9.0,25.0,24.0,36.0,32.0,27.0,29.0,25.0,25.0,27.0,36.0,33.0
CRI,Costa Rica,32416,Press Freedom Index,Total,4.25,3.83,7.63,8.5,6.67,6.5,5.1,8.0,8.08,-2.25,87.92,87.77,87.74,88.9,88.07,85.99,87.76,89.47,91.24,85.92,80.2
CRI,Costa Rica,32417,Press Freedom Rank,Total,15.0,24.0,35.0,41.0,29.0,21.0,22.0,30.0,29.0,19.0,18.0,21.0,16.0,6.0,6.0,10.0,10.0,7.0,5.0,8.0,23.0
CUB,Cuba,32416,Press Freedom Index,Total,90.25,97.83,106.83,87.0,95.0,96.17,88.33,94.0,78.0,98.83,28.36,29.08,29.79,29.77,28.25,31.1,36.19,36.19,36.06,27.32,29.0
CUB,Cuba,32417,Press Freedom Rank,Total,134.0,165.0,166.0,161.0,165.0,165.0,169.0,170.0,166.0,167.0,171.0,170.0,169.0,171.0,173.0,172.0,169.0,171.0,171.0,173.0,172.0
CYP,Cyprus,32416,Press Freedom Index,Total,,20.83,,5.5,7.5,14.0,7.5,5.5,13.4,-3.0,86.17,85.55,83.48,81.74,80.21,80.15,78.26,79.55,80.15,65.97,68.62
CYP,Cyprus,32417,Press Freedom Rank,Total,,83.0,,25.0,30.0,45.0,31.0,25.0,45.0,16.0,24.0,25.0,24.0,27.0,30.0,25.0,28.0,27.0,26.0,65.0,55.0
CZE,Czechia,32416,Press Freedom Index,Total,11.25,2.5,3.5,1.0,0.75,4.0,4.0,5.0,7.5,-5.0,89.83,89.93,88.38,83.34,83.09,78.11,75.11,76.43,76.62,80.54,83.58
CZE,Czechia,32417,Press Freedom Rank,Total,41.0,12.0,19.0,9.0,5.0,14.0,16.0,24.0,24.0,14.0,16.0,13.0,13.0,21.0,23.0,34.0,40.0,40.0,40.0,20.0,14.0
DEU,Germany,32416,Press Freedom Index,Total,1.5,1.33,2.0,4.0,5.5,5.75,4.5,3.5,4.25,-3.0,89.76,89.77,88.53,85.2,85.03,85.61,85.4,87.84,84.76,82.04,81.91
DEU,Germany,32417,Press Freedom Rank,Total,7.0,8.0,11.0,18.0,23.0,20.0,20.0,18.0,17.0,18.0,17.0,14.0,12.0,16.0,16.0,15.0,13.0,11.0,13.0,16.0,21.0
DJI,Djibouti,32416,Press Freedom Index,Total,31.25,35.5,55.0,37.0,33.0,50.25,41.5,31.0,30.5,83.5,32.6,29.66,28.96,29.1,29.46,29.23,28.64,23.27,21.38,35.75,35.87
DJI,Djibouti,32417,Press Freedom Rank,Total,96.0,120.0,145.0,121.0,121.0,132.0,134.0,110.0,110.0,160.0,167.0,169.0,170.0,172.0,172.0,173.0,173.0,176.0,176.0,164.0,162.0
DNK,Denmark,32416,Press Freedom Index,Total,3.0,1.0,0.5,0.5,5.0,2.0,3.5,0.0,2.5,-5.67,92.92,92.57,91.76,91.11,89.64,86.01,90.13,91.87,91.43,90.27,89.48
DNK,Denmark,32417,Press Freedom Rank,Total,10.0,5.0,1.0,1.0,20.0,8.0,14.0,1.0,11.0,11.0,6.0,7.0,3.0,4.0,4.0,9.0,5.0,3.0,4.0,2.0,3.0
DOM,Dominican Republic,32416,Press Freedom Index,Total,,17.0,6.75,12.25,12.75,22.75,18.0,26.83,26.13,33.25,71.66,72.83,72.69,72.1,73.24,73.21,72.1,72.1,74.4,76.9,71.88
DOM,Dominican Republic,32417,Press Freedom Rank,Total,,72.0,31.0,51.0,52.0,72.0,82.0,98.0,97.0,95.0,80.0,68.0,63.0,62.0,59.0,59.0,55.0,55.0,50.0,30.0,43.0
DZA,Algeria,32416,Press Freedom Index,Total,31.0,33.0,43.5,40.33,40.0,40.5,31.33,49.56,47.33,56.0,63.46,63.74,63.37,58.31,57.17,56.87,54.25,54.48,52.74,45.53,45.74
DZA,Algeria,32417,Press Freedom Rank,Total,95.0,108.0,128.0,129.0,126.0,123.0,121.0,141.0,133.0,122.0,125.0,121.0,119.0,129.0,134.0,136.0,141.0,146.0,146.0,134.0,136.0
ECU,Ecuador,32416,Press Freedom Index,Total,5.5,7.67,16.5,21.75,15.25,18.5,15.5,20.0,27.5,38.0,65.31,68.84,66.35,66.79,66.36,69.44,68.12,67.38,67.17,64.61,60.51
ECU,Ecuador,32417,Press Freedom Rank,Total,20.0,42.0,66.0,87.0,68.0,56.0,74.0,84.0,102.0,104.0,119.0,95.0,108.0,109.0,105.0,92.0,97.0,98.0,96.0,68.0,80.0
EGY,"Egypt, Arab Rep.",32416,Press Freedom Index,Total,34.5,34.25,43.5,52.0,46.25,58.0,50.25,51.38,43.33,97.5,51.34,48.11,49.83,45.55,44.22,43.28,43.53,43.18,43.83,30.23,33.37
EGY,"Egypt, Arab Rep.",32417,Press Freedom Rank,Total,102.0,110.0,128.0,143.0,133.0,146.0,146.0,143.0,127.0,166.0,158.0,159.0,158.0,159.0,161.0,161.0,163.0,166.0,166.0,168.0,166.0
ERI,Eritrea,32416,Press Freedom Index,Total,83.67,91.5,93.25,99.75,97.5,114.75,97.5,115.5,105.0,142.0,15.17,15.17,15.14,16.08,15.76,15.76,19.74,16.5,18.55,19.62,27.86
ERI,Eritrea,32417,Press Freedom Rank,Total,132.0,162.0,163.0,166.0,166.0,169.0,173.0,175.0,178.0,179.0,179.0,180.0,180.0,180.0,179.0,179.0,178.0,178.0,180.0,179.0,174.0
ESP,Spain,32416,Press Freedom Index,Total,7.75,7.67,9.0,8.33,10.0,10.25,8.0,11.0,12.25,9.75,79.5,79.37,80.05,80.08,81.31,79.49,78.01,77.84,79.56,76.71,75.37
ESP,Spain,32417,Press Freedom Rank,Total,29.0,42.0,39.0,40.0,42.0,33.0,36.0,44.0,39.0,39.0,36.0,35.0,33.0,34.0,29.0,31.0,29.0,29.0,29.0,32.0,36.0
EST,Estonia,32416,Press Freedom Index,Total,,2.5,2.0,1.5,2.0,1.0,2.0,0.5,2.0,-9.0,90.74,90.37,88.81,85.69,86.45,85.92,87.73,87.39,84.75,88.83,85.31
EST,Estonia,32417,Press Freedom Rank,Total,,12.0,11.0,11.0,6.0,3.0,4.0,6.0,9.0,3.0,11.0,11.0,10.0,14.0,12.0,12.0,11.0,14.0,15.0,4.0,8.0
ETH,Ethiopia,32416,Press Freedom Index,Total,37.5,37.5,37.0,42.0,75.0,63.0,47.75,49.0,49.38,56.6,60.43,59.42,58.17,54.87,49.66,49.83,64.89,67.18,66.37,50.53,47.7
ETH,Ethiopia,32417,Press Freedom Rank,Total,107.0,124.0,112.0,131.0,160.0,150.0,142.0,140.0,139.0,127.0,137.0,143.0,142.0,142.0,150.0,150.0,110.0,99.0,101.0,114.0,130.0
FIN,Finland,32416,Press Freedom Index,Total,0.5,0.5,0.5,0.5,0.5,1.5,2.0,0.0,0.0,-10.0,93.62,93.6,92.48,91.41,91.08,89.74,92.1,92.07,93.01,88.42,87.94
FIN,Finland,32417,Press Freedom Rank,Total,1.0,1.0,1.0,1.0,1.0,5.0,4.0,1.0,1.0,1.0,1.0,1.0,1.0,1.0,3.0,4.0,2.0,2.0,2.0,5.0,5.0
FJI,Fiji,32416,Press Freedom Index,Total,,11.5,16.0,14.0,14.0,33.5,16.0,60.0,52.75,55.0,67.31,67.43,68.72,70.63,71.36,73.45,72.82,72.59,72.08,56.91,59.27
FJI,Fiji,32417,Press Freedom Rank,Total,,59.0,63.0,60.0,58.0,107.0,79.0,152.0,149.0,118.0,107.0,107.0,93.0,80.0,67.0,57.0,52.0,52.0,55.0,102.0,89.0
FRA,France,32416,Press Freedom Index,Total,3.25,4.17,3.5,6.25,9.0,9.75,7.67,10.67,13.38,9.5,78.4,78.11,78.85,76.17,77.76,78.13,77.79,77.08,77.4,78.53,78.72
FRA,France,32417,Press Freedom Rank,Total,11.0,26.0,19.0,30.0,37.0,31.0,35.0,43.0,44.0,38.0,37.0,39.0,38.0,45.0,39.0,33.0,32.0,34.0,34.0,26.0,24.0
GAB,Gabon,32416,Press Freedom Index,Total,20.5,31.25,37.5,26.0,28.5,31.5,26.75,43.5,28.75,36.5,71.31,68.68,68.62,67.8,65.17,67.63,64.4,62.8,61.4,56.0,58.12
GAB,Gabon,32417,Press Freedom Rank,Total,59.0,101.0,115.0,102.0,114.0,102.0,110.0,129.0,107.0,101.0,89.0,98.0,95.0,100.0,108.0,108.0,115.0,121.0,117.0,105.0,94.0
GBR,United Kingdom,32416,Press Freedom Index,Total,6.0,4.25,6.0,5.17,6.5,8.25,5.5,4.0,6.0,2.0,83.11,80.07,80.0,78.3,77.74,76.75,77.77,77.07,78.41,78.71,78.51
GBR,United Kingdom,32417,Press Freedom Rank,Total,22.0,27.0,28.0,24.0,28.0,24.0,23.0,20.0,19.0,28.0,29.0,33.0,34.0,38.0,40.0,40.0,33.0,35.0,33.0,24.0,26.0
GEO,Georgia,32416,Press Freedom Index,Total,,17.33,27.5,25.17,21.0,20.83,31.25,18.83,27.0,38.0,69.91,70.22,72.3,72.04,72.24,72.66,71.02,71.41,71.36,59.3,61.69
GEO,Georgia,32417,Press Freedom Rank,Total,,73.0,94.0,99.0,89.0,66.0,120.0,81.0,100.0,105.0,100.0,84.0,69.0,64.0,64.0,61.0,60.0,60.0,60.0,89.0,77.0
GHA,Ghana,32416,Press Freedom Index,Total,23.0,8.75,13.5,15.0,8.5,9.0,7.5,6.0,8.0,11.0,82.73,83.71,84.5,82.05,82.05,81.59,79.19,77.74,78.67,67.43,65.93
GHA,Ghana,32417,Press Freedom Rank,Total,67.0,48.0,57.0,66.0,34.0,29.0,31.0,27.0,27.0,41.0,30.0,27.0,22.0,26.0,26.0,23.0,27.0,30.0,30.0,60.0,62.0
GIN,Guinea,32416,Press Freedom Index,Total,26.0,33.17,24.5,26.0,27.5,33.5,21.5,28.5,33.5,30.0,71.51,68.33,67.44,66.92,66.85,68.1,66.51,65.66,64.58,59.82,59.51
GIN,Guinea,32417,Press Freedom Rank,Total,79.0,109.0,88.0,102.0,109.0,107.0,99.0,100.0,113.0,86.0,86.0,102.0,102.0,108.0,101.0,104.0,107.0,110.0,109.0,84.0,85.0
GMB,"Gambia, The",32416,Press Freedom Index,Total,22.5,18.25,29.5,41.0,54.0,48.25,42.75,48.25,40.5,65.5,54.91,53.58,55.5,53.47,53.3,61.64,68.65,69.38,69.24,69.25,71.06
GMB,"Gambia, The",32417,Press Freedom Rank,Total,64.0,77.0,98.0,130.0,149.0,130.0,137.0,137.0,125.0,141.0,152.0,155.0,151.0,145.0,143.0,122.0,92.0,87.0,85.0,50.0,46.0
GNB,Guinea-Bissau,32416,Press Freedom Index,Total,30.25,35.25,23.5,17.0,14.5,33.5,16.33,23.5,18.25,26.0,71.06,69.95,71.3,70.97,69.91,69.91,69.05,67.94,67.32,58.79,61.57
GNB,Guinea-Bissau,32417,Press Freedom Rank,Total,94.0,118.0,83.0,71.0,63.0,107.0,81.0,92.0,67.0,75.0,92.0,86.0,81.0,79.0,77.0,83.0,89.0,94.0,95.0,92.0,78.0
GNQ,Equatorial Guinea,32416,Press Freedom Index,Total,42.75,44.75,46.25,44.0,48.0,65.25,59.25,65.5,79.0,86.0,32.8,32.05,33.77,33.53,33.53,33.53,41.65,43.62,44.33,43.96,50.35
GNQ,Equatorial Guinea,32417,Press Freedom Rank,Total,117.0,139.0,133.0,133.0,138.0,153.0,156.0,158.0,167.0,161.0,166.0,168.0,167.0,168.0,171.0,171.0,165.0,165.0,164.0,141.0,120.0
GRC,Greece,32416,Press Freedom Index,Total,5.0,6.0,7.0,4.0,8.0,9.25,7.5,9.0,19.0,24.0,71.54,68.67,68.99,69.65,69.11,70.81,70.92,71.2,70.99,55.52,55.2
GRC,Greece,32417,Press Freedom Rank,Total,19.0,31.0,33.0,18.0,32.0,30.0,31.0,35.0,73.0,71.0,84.0,99.0,91.0,89.0,88.0,74.0,65.0,65.0,70.0,108.0,107.0
GTM,Guatemala,32416,Press Freedom Index,Total,27.25,30.83,16.5,21.5,21.25,33.0,22.64,29.5,20.25,35.0,70.61,63.39,62.08,61.97,60.67,63.83,64.06,64.26,61.55,47.94,48.12
GTM,Guatemala,32417,Press Freedom Rank,Total,83.0,99.0,66.0,86.0,90.0,104.0,101.0,106.0,77.0,98.0,95.0,125.0,124.0,121.0,118.0,116.0,116.0,116.0,116.0,124.0,127.0
GUY,Guyana,32416,Press Freedom Index,Total,,,,,,,19.75,10.5,16.63,19.5,72.92,72.92,72.79,72.93,73.2,73.75,73.37,73.37,74.39,76.41,67.5
GUY,Guyana,32417,Press Freedom Rank,Total,,,,,,,88.0,39.0,59.0,60.0,69.0,67.0,62.0,57.0,60.0,55.0,51.0,49.0,51.0,34.0,60.0
HKG,"Hong Kong SAR, China",32416,Press Freedom Index,Total,4.83,11.0,7.5,8.25,14.0,20.0,9.75,11.75,10.75,17.0,73.84,73.45,72.24,71.5,70.54,70.96,70.35,69.99,69.56,41.64,44.86
HKG,"Hong Kong SAR, China",32417,Press Freedom Rank,Total,18.0,56.0,34.0,39.0,59.0,61.0,51.0,48.0,34.0,54.0,58.0,61.0,70.0,69.0,73.0,70.0,73.0,80.0,80.0,148.0,140.0
HND,Honduras,32416,Press Freedom Index,Total,,14.17,11.75,18.0,14.5,25.5,21.5,42.0,51.13,61.0,63.08,62.86,60.73,55.38,56.25,54.77,51.47,51.8,50.65,34.61,32.65
HND,Honduras,32417,Press Freedom Rank,Total,,65.0,53.0,76.0,64.0,87.0,99.0,128.0,143.0,136.0,127.0,129.0,132.0,137.0,140.0,141.0,146.0,148.0,151.0,165.0,169.0
HRV,Croatia,32416,Press Freedom Index,Total,8.75,16.5,11.83,12.83,13.0,12.5,8.5,17.17,17.5,23.33,73.39,73.18,73.88,72.09,70.41,71.06,70.97,71.49,72.05,70.42,71.95
HRV,Croatia,32417,Press Freedom Rank,Total,33.0,69.0,54.0,56.0,54.0,41.0,45.0,78.0,63.0,68.0,64.0,65.0,58.0,63.0,74.0,69.0,64.0,59.0,56.0,48.0,42.0
HTI,Haiti,32416,Press Freedom Index,Total,36.5,31.0,42.13,33.5,19.5,23.5,15.13,15.0,16.38,15.67,75.91,76.47,74.92,75.34,73.64,73.18,71.0,69.8,68.88,64.55,57.38
HTI,Haiti,32417,Press Freedom Rank,Total,106.0,100.0,125.0,117.0,87.0,75.0,73.0,57.0,56.0,52.0,49.0,47.0,53.0,53.0,53.0,60.0,62.0,83.0,87.0,70.0,99.0
HUN,Hungary,32416,Press Freedom Index,Total,6.5,3.33,6.0,2.0,3.0,4.5,5.5,5.5,7.5,10.0,73.91,73.27,72.56,71.83,70.99,70.89,69.56,69.16,68.24,59.8,62.96
HUN,Hungary,32417,Press Freedom Rank,Total,25.0,21.0,28.0,12.0,10.0,17.0,23.0,25.0,23.0,40.0,56.0,64.0,65.0,67.0,71.0,73.0,87.0,89.0,92.0,85.0,72.0
IDN,Indonesia,32416,Press Freedom Index,Total,20.0,34.25,37.75,26.0,26.0,30.5,27.0,28.5,35.83,68.0,58.95,61.85,59.25,58.28,60.07,60.32,63.23,63.18,62.6,49.27,54.83
IDN,Indonesia,32417,Press Freedom Rank,Total,57.0,110.0,117.0,102.0,103.0,100.0,111.0,100.0,117.0,146.0,139.0,132.0,138.0,130.0,124.0,124.0,124.0,119.0,113.0,117.0,108.0
IND,India,32416,Press Freedom Index,Total,26.5,39.0,38.5,27.0,26.5,39.33,30.0,29.33,38.75,58.0,58.78,59.66,59.51,56.83,57.06,56.76,54.33,54.67,53.44,41.0,36.62
IND,India,32417,Press Freedom Rank,Total,80.0,128.0,120.0,106.0,105.0,120.0,118.0,105.0,122.0,131.0,140.0,140.0,136.0,133.0,136.0,138.0,140.0,142.0,142.0,150.0,161.0
IRL,Ireland,32416,Press Freedom Index,Total,1.0,2.83,0.5,0.5,0.5,2.0,2.0,0.0,2.0,-4.0,89.94,89.13,88.8,87.6,85.92,85.41,85.0,87.4,88.09,88.3,89.91
IRL,Ireland,32417,Press Freedom Rank,Total,6.0,17.0,1.0,1.0,2.0,8.0,4.0,1.0,10.0,15.0,15.0,16.0,11.0,9.0,14.0,16.0,15.0,13.0,12.0,6.0,2.0
IRN,"Iran, Islamic Rep.",32416,Press Freedom Index,Total,48.25,89.33,78.3,89.17,90.88,96.5,80.33,104.14,94.56,136.6,26.6,27.71,27.68,33.48,34.88,39.29,35.59,35.19,27.3,23.22,24.81
IRN,"Iran, Islamic Rep.",32417,Press Freedom Rank,Total,122.0,160.0,158.0,164.0,162.0,166.0,166.0,172.0,175.0,175.0,174.0,173.0,173.0,169.0,165.0,164.0,170.0,173.0,174.0,178.0,177.0
IRQ,Iraq,32416,Press Freedom Index,Total,79.0,37.5,58.5,67.0,66.83,67.83,59.38,53.3,45.58,75.36,55.33,54.56,52.24,45.65,45.97,43.44,47.4,44.63,44.43,28.59,32.94
IRQ,Iraq,32417,Press Freedom Rank,Total,130.0,124.0,148.0,157.0,154.0,157.0,158.0,145.0,130.0,152.0,150.0,153.0,156.0,158.0,158.0,160.0,156.0,162.0,163.0,172.0,167.0
ISL,Iceland,32416,Press Freedom Index,Total,0.5,0.5,0.5,0.5,0.5,0.75,1.5,2.0,0.0,-7.0,91.51,91.5,86.13,84.7,86.97,85.9,85.29,84.88,84.63,82.69,83.19
ISL,Iceland,32417,Press Freedom Rank,Total,2.0,1.0,1.0,1.0,3.0,1.0,1.0,9.0,2.0,6.0,9.0,8.0,21.0,19.0,10.0,13.0,14.0,15.0,16.0,15.0,18.0
ISR,Israel,32416,Press Freedom Index,Total,30.0,,,10.0,,,,,,,67.03,68.81,67.91,67.42,68.99,69.74,69.2,69.16,69.1,59.62,57.57
ISR,Israel,32417,Press Freedom Rank,Total,92.0,,,47.0,,,,,,,112.0,96.0,101.0,101.0,91.0,87.0,88.0,88.0,86.0,86.0,97.0
ITA,Italy,32416,Press Freedom Index,Total,11.0,9.75,9.0,8.67,9.9,11.25,8.42,12.14,15.0,19.67,73.89,76.25,72.06,71.07,73.74,75.88,75.02,76.31,76.61,68.16,72.05
ITA,Italy,32417,Press Freedom Rank,Total,40.0,53.0,39.0,42.0,40.0,35.0,44.0,49.0,50.0,61.0,57.0,49.0,73.0,77.0,52.0,46.0,43.0,41.0,41.0,58.0,41.0
JAM,Jamaica,32416,Press Freedom Index,Total,,3.33,4.17,7.5,5.5,8.63,4.88,4.75,7.67,-3.0,90.12,89.1,88.82,87.55,87.27,88.67,88.87,89.49,90.04,83.35,75.89
JAM,Jamaica,32417,Press Freedom Rank,Total,,21.0,24.0,34.0,25.0,27.0,21.0,23.0,25.0,17.0,13.0,17.0,9.0,10.0,8.0,6.0,8.0,6.0,7.0,12.0,32.0
JOR,Jordan,32416,Press Freedom Index,Total,33.5,37.0,39.13,24.0,27.5,40.21,36.0,31.88,37.0,56.8,61.53,59.58,57.93,55.51,56.76,58.29,56.89,57.92,57.11,48.66,42.79
JOR,Jordan,32417,Press Freedom Rank,Total,99.0,122.0,121.0,96.0,110.0,122.0,128.0,112.0,120.0,128.0,134.0,141.0,143.0,135.0,138.0,132.0,130.0,128.0,129.0,120.0,146.0
JPN,Japan,32416,Press Freedom Index,Total,7.5,8.0,10.0,8.0,12.5,11.75,6.5,3.25,2.5,-1.0,74.83,73.98,73.05,71.33,70.56,71.36,70.64,71.14,71.12,64.37,63.95
JPN,Japan,32417,Press Freedom Rank,Total,28.0,44.0,42.0,37.0,51.0,37.0,29.0,17.0,12.0,22.0,53.0,59.0,61.0,72.0,72.0,67.0,67.0,66.0,67.0,71.0,68.0
KAZ,Kazakhstan,32416,Press Freedom Index,Total,42.0,42.5,44.17,36.17,41.0,41.63,35.33,49.67,68.5,77.5,44.92,45.06,46.54,45.45,45.99,45.59,47.18,45.89,49.72,48.28,45.87
KAZ,Kazakhstan,32417,Press Freedom Rank,Total,116.0,138.0,131.0,119.0,128.0,125.0,125.0,142.0,162.0,154.0,160.0,161.0,160.0,160.0,157.0,158.0,158.0,157.0,155.0,122.0,134.0
KEN,Kenya,32416,Press Freedom Index,Total,24.75,18.5,22.25,30.0,30.25,23.75,21.25,25.0,19.0,29.5,72.2,69.3,67.93,68.84,68.8,69.18,67.56,66.28,66.35,64.59,51.15
KEN,Kenya,32417,Press Freedom Rank,Total,75.0,79.0,82.0,109.0,118.0,78.0,97.0,96.0,74.0,84.0,71.0,90.0,100.0,95.0,95.0,96.0,100.0,103.0,102.0,69.0,116.0
KGZ,Kyrgyz Republic,32416,Press Freedom Index,Total,31.75,32.0,35.25,32.0,34.0,33.6,27.0,40.0,63.0,40.0,67.8,68.76,69.31,69.84,69.08,69.0,70.08,69.81,69.63,64.25,49.91
KGZ,Kyrgyz Republic,32417,Press Freedom Rank,Total,98.0,104.0,107.0,111.0,123.0,110.0,111.0,125.0,159.0,109.0,106.0,97.0,88.0,85.0,89.0,98.0,83.0,82.0,79.0,72.0,122.0
KHM,Cambodia,32416,Press Freedom Index,Total,24.25,19.5,36.5,23.0,27.25,25.33,35.5,35.17,43.83,55.0,58.19,59.03,59.01,59.3,57.93,54.1,54.1,54.54,53.16,43.48,42.02
KHM,Cambodia,32417,Press Freedom Rank,Total,71.0,81.0,109.0,90.0,108.0,85.0,126.0,117.0,128.0,117.0,143.0,144.0,139.0,128.0,132.0,142.0,143.0,144.0,144.0,142.0,147.0
KOR,"Korea, Rep.",32416,Press Freedom Index,Total,10.5,9.17,11.13,7.5,7.75,12.13,9.0,15.67,13.33,12.67,75.52,74.34,73.45,71.42,72.39,76.49,75.06,76.3,76.57,72.11,70.83
KOR,"Korea, Rep.",32417,Press Freedom Rank,Total,39.0,49.0,48.0,34.0,31.0,39.0,47.0,69.0,42.0,44.0,50.0,57.0,60.0,70.0,63.0,43.0,41.0,42.0,42.0,43.0,47.0
KWT,Kuwait,32416,Press Freedom Index,Total,25.5,31.33,31.67,21.25,17.0,20.17,12.63,15.25,23.75,28.0,71.72,69.29,69.16,67.41,66.39,68.09,66.14,65.7,65.64,37.87,38.84
KWT,Kuwait,32417,Press Freedom Rank,Total,78.0,102.0,103.0,85.0,74.0,63.0,61.0,60.0,88.0,78.0,77.0,91.0,90.0,103.0,104.0,105.0,108.0,109.0,105.0,158.0,154.0
LAO,Lao PDR,32416,Press Freedom Index,Total,89.0,94.83,64.33,66.5,67.5,75.0,70.0,92.0,80.5,89.0,32.01,28.78,28.75,28.42,33.59,33.59,35.51,35.72,29.44,36.64,36.66
LAO,Lao PDR,32417,Press Freedom Rank,Total,133.0,163.0,153.0,155.0,156.0,161.0,164.0,169.0,168.0,165.0,168.0,171.0,171.0,173.0,170.0,170.0,171.0,172.0,172.0,161.0,160.0
LBN,Lebanon,32416,Press Freedom Index,Total,19.67,32.5,24.38,28.25,27.0,28.75,14.0,15.42,20.5,31.5,69.85,68.11,68.19,68.05,66.99,68.85,67.56,66.81,65.07,46.58,50.46
LBN,Lebanon,32417,Press Freedom Rank,Total,56.0,106.0,87.0,108.0,107.0,98.0,66.0,61.0,78.0,93.0,101.0,106.0,98.0,98.0,99.0,100.0,101.0,102.0,107.0,130.0,119.0
LBR,Liberia,32416,Press Freedom Index,Total,37.75,40.0,40.0,20.5,19.0,25.33,9.75,15.5,22.5,40.5,70.11,69.35,69.22,69.29,68.88,69.67,68.51,67.75,66.64,62.77,64.34
LBR,Liberia,32417,Press Freedom Rank,Total,109.0,132.0,123.0,83.0,84.0,85.0,51.0,62.0,84.0,110.0,97.0,89.0,89.0,93.0,94.0,89.0,93.0,95.0,98.0,75.0,66.0
LBY,Libya,32416,Press Freedom Index,Total,72.5,60.0,65.0,88.75,62.5,66.5,61.5,64.5,63.5,77.5,62.14,60.16,54.01,42.11,43.19,43.21,44.23,44.23,44.27,43.16,40.22
LBY,Libya,32417,Press Freedom Rank,Total,129.0,153.0,154.0,162.0,152.0,155.0,160.0,156.0,160.0,155.0,131.0,137.0,154.0,164.0,163.0,162.0,162.0,164.0,165.0,143.0,149.0
LIE,Liechtenstein,32416,Press Freedom Index,Total,,,,,,,,,,,92.65,92.98,82.33,81.64,79.69,79.51,79.51,80.48,80.51,84.03,84.47
LIE,Liechtenstein,32417,Press Freedom Rank,Total,,,,,,,,,,,7.0,6.0,27.0,28.0,32.0,30.0,26.0,24.0,23.0,10.0,11.0
LKA,Sri Lanka,32416,Press Freedom Index,Total,15.75,24.83,36.5,33.25,50.75,67.5,78.0,75.0,62.5,87.5,43.41,40.87,39.72,55.04,55.66,58.63,60.39,58.06,57.8,42.13,45.85
LKA,Sri Lanka,32417,Press Freedom Rank,Total,51.0,89.0,109.0,115.0,141.0,156.0,165.0,162.0,158.0,163.0,162.0,165.0,165.0,141.0,141.0,131.0,126.0,127.0,127.0,146.0,135.0
LSO,Lesotho,32416,Press Freedom Index,Total,,17.75,29.5,19.5,16.0,29.5,29.5,27.5,24.0,21.0,71.64,71.64,71.64,71.22,71.22,71.22,70.26,69.55,68.39,59.39,64.29
LSO,Lesotho,32417,Press Freedom Rank,Total,,75.0,98.0,81.0,72.0,99.0,116.0,99.0,90.0,63.0,81.0,74.0,77.0,73.0,68.0,68.0,78.0,86.0,88.0,88.0,67.0
LTU,Lithuania,32416,Press Freedom Index,Total,,2.83,3.0,4.5,6.5,7.0,4.0,2.25,2.5,4.0,81.76,80.8,81.2,80.05,78.63,77.8,77.94,78.81,79.85,84.14,86.79
LTU,Lithuania,32417,Press Freedom Rank,Total,,17.0,16.0,21.0,27.0,23.0,16.0,10.0,13.0,31.0,33.0,32.0,31.0,35.0,36.0,36.0,30.0,28.0,28.0,9.0,7.0
LUX,Luxembourg,32416,Press Freedom Index,Total,,,,,,,1.5,4.0,4.0,-7.0,93.32,93.3,86.39,85.57,85.28,85.28,84.34,84.54,82.44,79.81,81.98
LUX,Luxembourg,32417,Press Freedom Rank,Total,,,,,,,1.0,20.0,15.0,7.0,4.0,4.0,19.0,15.0,15.0,17.0,17.0,17.0,20.0,21.0,20.0
LVA,Latvia,32416,Press Freedom Index,Total,,2.25,1.0,2.5,3.0,3.5,3.0,3.0,8.5,15.0,77.11,78.9,81.88,82.62,81.38,80.37,80.47,81.44,80.74,79.17,83.27
LVA,Latvia,32417,Press Freedom Rank,Total,,11.0,10.0,16.0,11.0,12.0,7.0,13.0,30.0,50.0,39.0,37.0,28.0,24.0,28.0,24.0,24.0,22.0,22.0,22.0,16.0
MAR,Morocco,32416,Press Freedom Index,Total,29.0,39.67,43.0,36.17,24.83,33.25,32.25,41.0,47.4,63.29,60.96,60.28,60.81,57.36,57.58,56.87,56.02,57.12,56.06,45.42,43.69
MAR,Morocco,32417,Press Freedom Rank,Total,89.0,131.0,126.0,119.0,97.0,106.0,122.0,127.0,135.0,138.0,136.0,136.0,130.0,131.0,133.0,135.0,135.0,133.0,136.0,135.0,144.0
MDA,Moldova,32416,Press Freedom Index,Total,,27.0,20.5,17.5,19.17,24.75,21.38,33.75,19.13,16.0,73.99,74.65,72.15,71.17,69.59,69.99,68.79,68.84,68.39,73.47,77.62
MDA,Moldova,32417,Press Freedom Rank,Total,,94.0,78.0,74.0,85.0,81.0,98.0,114.0,75.0,53.0,55.0,56.0,72.0,76.0,80.0,81.0,91.0,91.0,89.0,40.0,28.0
MDG,Madagascar,32416,Press Freedom Index,Total,22.75,8.17,18.5,24.5,15.0,20.0,21.0,45.83,34.88,29.5,71.38,70.62,72.57,72.96,73.29,73.8,72.24,72.32,71.76,58.02,56.66
MDG,Madagascar,32417,Press Freedom Rank,Total,65.0,46.0,72.0,97.0,66.0,61.0,94.0,134.0,116.0,85.0,88.0,81.0,64.0,56.0,57.0,54.0,54.0,54.0,57.0,98.0,101.0
MDV,Maldives,32416,Press Freedom Index,Total,,47.5,69.17,58.5,51.25,45.17,23.25,14.0,16.0,25.0,68.9,66.89,65.68,65.83,60.7,62.05,67.84,70.07,70.87,59.55,56.93
MDV,Maldives,32417,Press Freedom Rank,Total,,145.0,157.0,148.0,144.0,129.0,104.0,51.0,52.0,73.0,103.0,108.0,112.0,112.0,117.0,120.0,98.0,79.0,72.0,87.0,100.0
MEX,Mexico,32416,Press Freedom Index,Total,24.75,17.67,27.83,45.5,45.83,53.63,46.13,48.25,47.5,72.67,54.7,54.96,56.31,50.67,51.03,51.09,53.22,54.55,53.29,47.57,47.98
MEX,Mexico,32417,Press Freedom Rank,Total,76.0,74.0,96.0,135.0,132.0,136.0,140.0,137.0,136.0,149.0,153.0,152.0,148.0,149.0,147.0,147.0,144.0,143.0,143.0,127.0,128.0
MKD,North Macedonia,32416,Press Freedom Index,Total,,9.67,11.25,8.75,11.5,11.5,8.25,8.75,18.4,31.67,65.73,63.57,63.74,63.91,64.26,67.57,68.34,68.72,68.33,68.44,74.35
MKD,North Macedonia,32417,Press Freedom Rank,Total,,51.0,49.0,43.0,46.0,36.0,42.0,34.0,68.0,94.0,116.0,123.0,117.0,118.0,111.0,109.0,95.0,92.0,90.0,57.0,38.0
MLI,Mali,32416,Press Freedom Index,Total,12.5,11.0,12.83,8.0,9.0,16.5,7.5,8.0,8.0,0.0,69.97,63.71,63.67,60.17,61.73,63.85,64.77,65.88,66.5,54.48,52.29
MLI,Mali,32417,Press Freedom Rank,Total,44.0,56.0,56.0,37.0,38.0,52.0,31.0,30.0,28.0,25.0,99.0,122.0,118.0,122.0,116.0,115.0,112.0,108.0,99.0,111.0,113.0
MLT,Malta,32416,Press Freedom Index,Total,,,,,,,,2.5,4.0,19.5,76.7,76.16,75.84,76.16,75.24,72.56,70.26,69.84,69.54,61.55,59.76
MLT,Malta,32417,Press Freedom Rank,Total,,,,,,,,11.0,16.0,58.0,45.0,51.0,48.0,46.0,47.0,65.0,77.0,81.0,81.0,78.0,84.0
MMR,Myanmar,32416,Press Freedom Index,Total,96.83,95.5,103.63,88.83,94.75,93.75,94.38,102.67,94.5,100.0,55.29,58.57,57.92,54.52,58.18,56.85,55.08,55.23,53.86,25.03,28.26
MMR,Myanmar,32417,Press Freedom Rank,Total,137.0,164.0,165.0,163.0,164.0,164.0,170.0,171.0,174.0,169.0,151.0,145.0,144.0,143.0,131.0,137.0,138.0,139.0,140.0,176.0,173.0
MNE,Montenegro,32416,Press Freedom Index,Total,,,,,,19.0,10.0,17.0,28.5,39.0,67.03,65.22,65.37,67.21,66.35,68.79,67.26,66.17,65.67,66.54,74.28
MNE,Montenegro,32417,Press Freedom Rank,Total,,,,,,58.0,53.0,77.0,105.0,107.0,113.0,114.0,114.0,106.0,106.0,103.0,104.0,105.0,104.0,63.0,39.0
MNG,Mongolia,32416,Press Freedom Index,Total,24.5,18.25,19.0,12.5,19.25,23.4,20.83,23.33,19.42,35.75,70.07,69.7,74.75,72.39,71.05,70.95,70.49,70.39,71.03,59.17,59.33
MNG,Mongolia,32417,Press Freedom Rank,Total,73.0,77.0,73.0,53.0,86.0,74.0,93.0,91.0,76.0,100.0,98.0,88.0,54.0,60.0,69.0,71.0,70.0,73.0,68.0,90.0,88.0
MOZ,Mozambique,32416,Press Freedom Index,Total,23.5,14.0,16.25,10.5,11.5,23.0,20.5,19.0,26.5,21.5,71.99,70.74,70.02,69.75,68.95,68.88,67.34,66.21,64.61,49.89,56.13
MOZ,Mozambique,32417,Press Freedom Rank,Total,70.0,63.0,64.0,49.0,47.0,73.0,90.0,82.0,98.0,66.0,73.0,79.0,85.0,87.0,93.0,99.0,103.0,104.0,108.0,116.0,102.0
MRT,Mauritania,32416,Press Freedom Index,Total,41.33,36.67,51.0,40.0,17.5,15.5,23.88,28.5,25.38,22.2,73.24,73.47,74.73,75.97,73.51,70.91,68.35,67.46,67.75,58.1,59.45
MRT,Mauritania,32417,Press Freedom Rank,Total,115.0,121.0,138.0,127.0,78.0,50.0,105.0,100.0,95.0,67.0,67.0,60.0,55.0,48.0,55.0,72.0,94.0,97.0,94.0,97.0,86.0
MUS,Mauritius,32416,Press Freedom Index,Total,9.5,7.25,10.5,7.5,8.0,8.5,9.0,14.0,18.0,17.0,73.53,72.31,72.31,72.31,73.33,73.55,71.54,72.0,71.26,66.07,65.56
MUS,Mauritius,32417,Press Freedom Rank,Total,36.0,41.0,46.0,34.0,33.0,25.0,47.0,51.0,65.0,55.0,62.0,70.0,68.0,61.0,56.0,56.0,58.0,56.0,61.0,64.0,63.0
MWI,Malawi,32416,Press Freedom Index,Total,27.67,21.0,31.0,22.75,25.5,26.75,15.0,15.5,21.0,68.0,71.82,71.71,73.59,71.88,71.03,72.57,70.64,70.68,71.2,61.4,60.34
MWI,Malawi,32417,Press Freedom Rank,Total,84.0,84.0,101.0,89.0,102.0,92.0,70.0,62.0,79.0,147.0,75.0,73.0,59.0,66.0,70.0,64.0,68.0,69.0,62.0,80.0,82.0
MYS,Malaysia,32416,Press Freedom Index,Total,37.83,32.0,39.83,33.0,22.25,41.0,39.5,44.25,50.75,56.0,57.27,57.27,56.71,53.43,53.11,52.59,63.26,66.88,60.53,51.55,62.83
MYS,Malaysia,32417,Press Freedom Rank,Total,110.0,104.0,122.0,113.0,92.0,124.0,132.0,131.0,141.0,124.0,145.0,147.0,147.0,146.0,144.0,145.0,123.0,101.0,119.0,113.0,73.0
NAM,Namibia,32416,Press Freedom Index,Total,8.0,11.0,10.0,5.5,6.0,8.5,5.5,9.0,7.0,-2.0,87.5,87.5,87.5,84.85,82.92,79.76,81.05,80.75,80.28,81.84,80.91
NAM,Namibia,32417,Press Freedom Rank,Total,31.0,56.0,42.0,25.0,26.0,25.0,23.0,35.0,22.0,21.0,19.0,22.0,17.0,17.0,24.0,26.0,23.0,23.0,24.0,18.0,22.0
NER,Niger,32416,Press Freedom Index,Total,18.5,15.75,18.33,13.0,24.5,25.5,37.0,48.5,28.5,2.5,76.92,76.41,76.15,75.38,72.79,72.6,70.74,71.75,71.56,67.8,66.84
NER,Niger,32417,Press Freedom Rank,Total,53.0,68.0,71.0,57.0,95.0,87.0,130.0,139.0,106.0,29.0,43.0,48.0,47.0,52.0,61.0,63.0,66.0,57.0,59.0,59.0,61.0
NGA,Nigeria,32416,Press Freedom Index,Total,15.5,31.5,37.75,38.75,32.23,49.83,37.75,46.0,51.5,56.4,65.89,65.76,65.91,64.1,60.31,62.59,63.5,64.37,60.31,46.79,49.56
NGA,Nigeria,32417,Press Freedom Rank,Total,49.0,103.0,117.0,123.0,120.0,131.0,131.0,135.0,146.0,126.0,115.0,112.0,111.0,116.0,122.0,119.0,120.0,115.0,120.0,129.0,123.0
NIC,Nicaragua,32416,Press Freedom Index,Total,,6.5,11.67,15.25,15.5,14.25,12.5,16.75,22.33,24.33,71.69,72.3,72.06,71.18,68.99,69.59,64.47,64.19,60.02,37.09,37.09
NIC,Nicaragua,32417,Press Freedom Rank,Total,,34.0,52.0,68.0,69.0,47.0,59.0,76.0,83.0,72.0,78.0,71.0,74.0,75.0,92.0,90.0,114.0,117.0,121.0,160.0,158.0
NLD,Netherlands,32416,Press Freedom Index,Total,0.5,0.5,0.5,0.5,0.5,3.5,4.0,1.0,0.0,-9.0,93.52,93.54,90.78,91.24,88.72,89.99,91.37,90.04,90.33,77.93,87.0
NLD,Netherlands,32417,Press Freedom Rank,Total,4.0,1.0,1.0,1.0,4.0,12.0,16.0,7.0,4.0,4.0,2.0,2.0,4.0,2.0,5.0,3.0,4.0,5.0,6.0,28.0,6.0
NOR,Norway,32416,Press Freedom Index,Total,0.5,0.5,0.5,0.5,2.0,0.75,1.5,0.0,0.0,-10.0,93.48,93.48,92.25,91.21,92.4,92.37,92.18,92.16,93.28,92.65,95.18
NOR,Norway,32417,Press Freedom Rank,Total,3.0,1.0,1.0,1.0,7.0,1.0,1.0,1.0,3.0,2.0,3.0,3.0,2.0,3.0,1.0,1.0,1.0,1.0,1.0,1.0,1.0
NPL,Nepal,32416,Press Freedom Index,Total,63.0,51.5,84.0,86.75,73.5,53.75,43.25,35.63,36.38,38.75,65.39,63.84,67.29,67.38,66.98,67.95,66.6,64.9,65.38,62.67,57.89
NPL,Nepal,32417,Press Freedom Rank,Total,127.0,150.0,160.0,160.0,159.0,137.0,138.0,118.0,119.0,106.0,118.0,120.0,105.0,105.0,100.0,106.0,106.0,112.0,106.0,76.0,95.0
NZL,New Zealand,32416,Press Freedom Index,Total,,2.83,0.67,2.0,5.0,4.17,3.0,3.0,1.5,-5.33,91.62,91.45,89.94,89.99,86.02,86.38,89.25,89.31,89.96,83.54,84.23
NZL,New Zealand,32417,Press Freedom Rank,Total,,17.0,9.0,12.0,21.0,15.0,7.0,13.0,8.0,13.0,8.0,9.0,6.0,5.0,13.0,8.0,7.0,9.0,8.0,11.0,13.0
OMN,Oman,32416,Press Freedom Index,Total,,57.75,,,,,32.67,29.5,40.25,55.0,58.49,61.17,61.17,59.57,59.54,59.33,56.58,56.58,56.63,35.99,37.87
OMN,Oman,32417,Press Freedom Rank,Total,,152.0,,,,,123.0,106.0,124.0,119.0,141.0,134.0,127.0,125.0,126.0,127.0,132.0,135.0,133.0,163.0,155.0
PAK,Pakistan,32416,Press Freedom Index,Total,44.67,39.0,61.75,60.75,70.33,64.83,54.88,65.67,56.17,75.0,48.69,48.54,49.54,51.48,56.45,56.76,54.17,54.48,53.14,37.99,39.95
PAK,Pakistan,32417,Press Freedom Rank,Total,119.0,128.0,150.0,150.0,157.0,152.0,152.0,159.0,151.0,151.0,159.0,158.0,159.0,147.0,139.0,139.0,142.0,145.0,145.0,157.0,150.0
PAN,Panama,32416,Press Freedom Index,Total,15.5,9.75,14.5,15.0,9.5,17.88,11.83,14.5,21.83,45.67,67.05,69.8,71.02,69.41,67.88,69.44,70.22,70.22,70.06,62.78,63.67
PAN,Panama,32417,Press Freedom Rank,Total,50.0,53.0,61.0,66.0,39.0,54.0,57.0,55.0,81.0,113.0,111.0,87.0,83.0,91.0,96.0,91.0,79.0,76.0,77.0,74.0,69.0
PER,Peru,32416,Press Freedom Index,Total,9.5,10.25,40.0,33.33,28.25,37.38,26.25,20.88,30.0,51.25,68.13,68.3,68.79,70.01,69.02,69.73,69.78,69.06,68.29,61.75,52.74
PER,Peru,32417,Press Freedom Rank,Total,37.0,55.0,123.0,116.0,113.0,117.0,108.0,85.0,109.0,115.0,105.0,104.0,92.0,84.0,90.0,88.0,85.0,90.0,91.0,77.0,110.0
PHL,Philippines,32416,Press Freedom Index,Total,29.0,35.25,36.63,50.0,51.0,44.75,45.0,38.25,60.0,64.5,56.89,56.31,58.81,55.34,58.92,57.47,56.09,56.46,54.36,41.84,46.21
PHL,Philippines,32417,Press Freedom Rank,Total,90.0,118.0,111.0,139.0,142.0,128.0,139.0,122.0,156.0,140.0,147.0,149.0,141.0,138.0,127.0,133.0,134.0,136.0,138.0,147.0,132.0
PNG,Papua New Guinea,32416,Press Freedom Index,Total,,,,,,,,14.7,13.33,9.0,77.03,76.54,74.13,74.19,74.93,73.81,75.3,76.07,75.12,66.66,67.62
PNG,Papua New Guinea,32417,Press Freedom Rank,Total,,,,,,,,56.0,43.0,35.0,41.0,44.0,56.0,55.0,51.0,53.0,38.0,46.0,47.0,62.0,59.0
POL,Poland,32416,Press Freedom Index,Total,7.75,6.17,6.83,12.5,14.0,18.5,9.0,9.5,8.88,-0.67,86.89,88.97,87.29,76.11,73.53,73.41,71.11,71.35,71.16,65.64,67.66
POL,Poland,32417,Press Freedom Rank,Total,30.0,33.0,32.0,53.0,60.0,56.0,47.0,37.0,32.0,24.0,22.0,19.0,18.0,47.0,54.0,58.0,59.0,62.0,64.0,66.0,57.0
PRK,"Korea, Dem. People's Rep.",32416,Press Freedom Index,Total,97.5,99.5,107.5,109.0,109.0,108.75,96.5,112.5,104.75,141.0,16.1,18.04,16.75,16.24,15.02,11.13,16.6,14.18,18.72,13.92,21.72
PRK,"Korea, Dem. People's Rep.",32417,Press Freedom Rank,Total,139.0,166.0,167.0,167.0,168.0,168.0,172.0,174.0,177.0,178.0,178.0,179.0,179.0,179.0,180.0,180.0,179.0,180.0,179.0,180.0,180.0
PRT,Portugal,32416,Press Freedom Index,Total,1.5,5.17,4.5,4.83,3.0,2.0,4.0,8.0,12.36,5.33,83.25,82.27,82.89,82.73,84.23,85.83,87.37,88.17,89.89,87.07,84.6
PRT,Portugal,32417,Press Freedom Rank,Total,8.0,28.0,25.0,23.0,12.0,8.0,16.0,30.0,40.0,33.0,28.0,30.0,26.0,23.0,18.0,14.0,12.0,10.0,9.0,7.0,9.0
PRY,Paraguay,32416,Press Freedom Index,Total,8.5,7.17,10.5,15.5,18.25,26.1,20.5,14.33,16.25,29.0,71.22,68.19,66.26,66.37,64.36,67.68,67.6,67.03,66.48,58.36,55.96
PRY,Paraguay,32417,Press Freedom Rank,Total,32.0,40.0,46.0,69.0,82.0,90.0,91.0,54.0,54.0,83.0,91.0,105.0,109.0,111.0,110.0,107.0,99.0,100.0,100.0,96.0,103.0
PSE,West Bank and Gaza,32416,Press Freedom Index,Total,27.0,39.25,43.17,42.5,46.75,69.83,66.88,69.83,56.13,76.0,56.91,59.89,58.99,57.07,57.1,57.04,55.32,55.91,56.82,28.98,37.86
PSE,West Bank and Gaza,32417,Press Freedom Rank,Total,82.0,130.0,127.0,132.0,134.0,158.0,163.0,161.0,150.0,153.0,146.0,138.0,140.0,132.0,135.0,134.0,137.0,137.0,132.0,170.0,156.0
QAT,Qatar,32416,Press Freedom Index,Total,,35.0,32.5,23.0,18.0,24.0,15.5,24.0,38.0,46.0,67.14,65.68,64.65,64.03,60.17,59.84,57.49,57.49,57.4,49.03,55.28
QAT,Qatar,32417,Press Freedom Rank,Total,,115.0,104.0,90.0,81.0,79.0,74.0,94.0,121.0,114.0,110.0,113.0,115.0,117.0,123.0,125.0,128.0,129.0,128.0,119.0,105.0
ROU,Romania,32416,Press Freedom Index,Total,13.25,11.5,17.83,16.17,14.0,12.75,9.0,12.5,16.0,14.0,76.95,76.52,75.1,75.71,75.54,76.35,74.33,74.09,75.09,68.46,69.04
ROU,Romania,32417,Press Freedom Rank,Total,45.0,59.0,70.0,70.0,61.0,42.0,47.0,50.0,53.0,49.0,42.0,45.0,52.0,49.0,46.0,44.0,47.0,48.0,48.0,56.0,53.0
RUS,Russian Federation,32416,Press Freedom Index,Total,48.0,49.5,51.38,48.67,52.5,56.9,47.5,60.88,49.9,66.0,56.58,57.22,55.03,50.97,50.55,50.04,49.69,51.08,51.29,38.82,34.77
RUS,Russian Federation,32417,Press Freedom Rank,Total,121.0,148.0,140.0,138.0,147.0,144.0,141.0,153.0,140.0,142.0,148.0,148.0,152.0,148.0,148.0,148.0,149.0,149.0,150.0,155.0,164.0
RWA,Rwanda,32416,Press Freedom Index,Total,37.5,34.25,37.25,38.0,41.0,58.88,50.0,64.67,81.0,81.0,44.54,43.43,43.43,45.39,45.89,47.1,47.57,49.66,49.34,45.18,46.58
RWA,Rwanda,32417,Press Freedom Rank,Total,108.0,110.0,113.0,122.0,129.0,147.0,145.0,157.0,169.0,156.0,161.0,162.0,161.0,161.0,159.0,156.0,155.0,155.0,156.0,136.0,131.0
SAU,Saudi Arabia,32416,Press Freedom Index,Total,62.5,71.5,79.17,66.0,76.0,59.75,61.75,76.5,61.5,83.25,43.12,41.7,40.59,40.28,33.98,36.87,34.12,37.86,37.27,33.71,32.43
SAU,Saudi Arabia,32417,Press Freedom Rank,Total,125.0,156.0,159.0,154.0,161.0,148.0,161.0,163.0,157.0,158.0,163.0,164.0,164.0,165.0,168.0,169.0,172.0,170.0,170.0,166.0,170.0
SDN,Sudan,32416,Press Freedom Index,Total,36.0,45.75,44.25,44.0,48.13,55.75,42.0,54.0,85.33,100.75,29.94,28.12,27.66,27.47,26.44,28.87,27.55,44.67,47.07,40.96,40.83
SDN,Sudan,32417,Press Freedom Rank,Total,105.0,142.0,132.0,133.0,139.0,140.0,135.0,148.0,172.0,170.0,170.0,172.0,174.0,174.0,174.0,174.0,175.0,159.0,159.0,151.0,148.0
SEN,Senegal,32416,Press Freedom Index,Total,14.0,14.5,21.5,19.0,17.5,25.0,19.0,22.0,25.0,26.0,73.81,73.32,72.23,72.01,73.28,74.39,74.19,76.01,74.78,63.07,55.82
SEN,Senegal,32417,Press Freedom Rank,Total,47.0,66.0,80.0,78.0,79.0,83.0,86.0,89.0,93.0,76.0,59.0,62.0,71.0,65.0,58.0,50.0,49.0,47.0,49.0,73.0,104.0
SGP,Singapore,32416,Press Freedom Index,Total,,47.33,57.0,50.67,51.5,56.0,49.0,45.0,47.5,61.0,56.57,55.71,54.13,47.04,48.9,49.05,48.59,44.77,44.8,44.23,47.88
SGP,Singapore,32417,Press Freedom Rank,Total,,144.0,147.0,140.0,146.0,141.0,144.0,133.0,137.0,135.0,149.0,150.0,153.0,154.0,151.0,151.0,151.0,158.0,160.0,139.0,129.0
SLE,Sierra Leone,32416,Press Freedom Index,Total,24.5,23.5,24.5,39.5,26.0,39.5,27.75,34.0,24.25,21.0,73.65,71.77,71.53,70.06,69.27,70.02,69.64,69.72,70.39,71.03,62.55
SLE,Sierra Leone,32417,Press Freedom Rank,Total,74.0,87.0,88.0,126.0,104.0,121.0,114.0,115.0,91.0,64.0,61.0,72.0,79.0,83.0,85.0,79.0,86.0,85.0,75.0,46.0,74.0
SLV,El Salvador,32416,Press Freedom Index,Total,8.75,6.83,6.0,5.75,10.0,20.2,12.8,17.25,15.83,9.3,77.14,78.43,76.34,72.8,72.76,72.22,70.19,70.3,69.51,54.09,51.36
SLV,El Salvador,32417,Press Freedom Rank,Total,34.0,37.0,28.0,28.0,41.0,64.0,62.0,79.0,51.0,37.0,38.0,38.0,45.0,58.0,62.0,66.0,81.0,74.0,82.0,112.0,115.0
SOM,Somalia,32416,Press Freedom Index,Total,,45.0,43.5,59.0,51.25,71.5,58.0,77.5,66.0,88.33,26.41,26.81,27.69,34.65,34.05,36.96,42.76,44.55,44.53,44.01,44.24
SOM,Somalia,32417,Press Freedom Rank,Total,,140.0,128.0,149.0,145.0,159.0,153.0,164.0,161.0,164.0,175.0,176.0,172.0,167.0,167.0,168.0,164.0,163.0,161.0,140.0,141.0
SRB,Serbia,32416,Press Freedom Index,Total,,,,,,21.0,13.5,15.5,23.0,29.0,73.41,74.95,72.34,72.4,71.95,70.42,68.82,68.38,67.97,61.51,59.16
SRB,Serbia,32417,Press Freedom Rank,Total,,,,,,67.0,64.0,62.0,85.0,80.0,63.0,54.0,67.0,59.0,66.0,76.0,90.0,93.0,93.0,79.0,91.0
SSD,South Sudan,32416,Press Freedom Index,Total,,,,,,,,,,41.25,63.8,63.95,61.96,55.13,51.84,53.12,54.35,55.51,54.22,47.06,50.62
SSD,South Sudan,32417,Press Freedom Rank,Total,,,,,,,,,,111.0,124.0,119.0,125.0,140.0,145.0,144.0,139.0,138.0,139.0,128.0,118.0
SUR,Suriname,32416,Press Freedom Index,Total,,,,,,,6.0,10.6,11.5,-1.0,81.81,81.8,81.8,83.3,83.93,83.56,83.62,82.5,83.05,68.95,70.62
SUR,Suriname,32417,Press Freedom Rank,Total,,,,,,,26.0,42.0,36.0,23.0,31.0,31.0,29.0,22.0,20.0,21.0,20.0,20.0,19.0,52.0,48.0
SVK,Slovak Republic,32416,Press Freedom Index,Total,,2.5,0.5,0.75,2.5,1.0,3.0,11.0,11.5,0.0,86.75,88.61,88.34,86.74,84.49,79.74,76.42,77.33,76.98,78.37,83.22
SVK,Slovak Republic,32417,Press Freedom Rank,Total,,12.0,1.0,8.0,8.0,3.0,7.0,44.0,35.0,27.0,23.0,20.0,14.0,12.0,17.0,27.0,35.0,33.0,35.0,27.0,17.0
SVN,Slovenia,32416,Press Freedom Index,Total,4.0,3.0,2.25,1.0,3.0,6.5,7.33,9.5,13.44,9.14,79.51,79.62,79.45,77.74,78.3,78.31,77.69,77.36,76.9,68.54,70.59
SVN,Slovenia,32417,Press Freedom Rank,Total,14.0,20.0,15.0,9.0,13.0,21.0,30.0,37.0,46.0,36.0,35.0,34.0,35.0,40.0,37.0,32.0,34.0,32.0,36.0,54.0,50.0
SWE,Sweden,32416,Press Freedom Index,Total,1.5,1.5,2.0,2.0,4.0,1.5,3.0,0.0,0.0,-5.5,90.77,91.02,90.53,87.67,91.73,91.69,91.69,90.75,92.76,88.84,88.15
SWE,Sweden,32417,Press Freedom Rank,Total,9.0,9.0,11.0,12.0,15.0,5.0,7.0,1.0,5.0,12.0,10.0,10.0,5.0,8.0,2.0,2.0,3.0,4.0,3.0,3.0,4.0
SWZ,Eswatini,32416,Press Freedom Index,Total,29.0,37.5,31.0,35.0,40.5,54.5,50.5,52.5,57.5,67.0,53.24,53.24,52.72,47.63,48.73,48.54,50.91,54.85,53.66,46.42,52.66
SWZ,Eswatini,32417,Press Freedom Rank,Total,91.0,124.0,101.0,118.0,127.0,138.0,147.0,144.0,155.0,144.0,155.0,156.0,155.0,153.0,152.0,152.0,147.0,141.0,141.0,131.0,111.0
SYC,Seychelles,32416,Press Freedom Index,Total,20.75,26.75,23.5,17.0,24.5,33.0,15.5,16.0,18.0,25.0,70.81,68.32,68.45,69.4,69.14,69.83,70.59,71.34,74.34,83.33,75.71
SYC,Seychelles,32417,Press Freedom Rank,Total,61.0,93.0,83.0,71.0,96.0,104.0,74.0,72.0,66.0,74.0,93.0,103.0,96.0,92.0,87.0,85.0,69.0,63.0,52.0,13.0,34.0
SYR,Syrian Arab Republic,32416,Press Freedom Index,Total,62.83,67.5,67.5,55.0,63.0,66.0,59.63,78.0,91.5,138.0,21.47,22.96,22.71,18.65,18.51,20.78,28.22,27.43,29.37,28.94,27.22
SYR,Syrian Arab Republic,32417,Press Freedom Rank,Total,126.0,155.0,155.0,145.0,153.0,154.0,159.0,165.0,173.0,176.0,176.0,177.0,177.0,177.0,177.0,177.0,174.0,174.0,173.0,171.0,175.0
TCD,Chad,32416,Press Freedom Index,Total,28.75,24.0,33.25,30.0,35.5,36.5,41.25,44.5,33.17,37.67,65.13,59.78,59.83,59.41,60.34,61.55,63.29,60.3,59.8,56.18,53.73
TCD,Chad,32417,Press Freedom Rank,Total,87.0,88.0,106.0,109.0,124.0,113.0,133.0,132.0,112.0,103.0,121.0,139.0,135.0,127.0,121.0,123.0,122.0,123.0,123.0,104.0,109.0
TGO,Togo,32416,Press Freedom Index,Total,31.5,27.5,19.5,23.75,15.0,15.17,10.0,15.5,17.0,28.5,71.55,71.0,71.5,69.69,69.25,69.77,70.31,70.67,70.41,57.17,63.06
TGO,Togo,32417,Press Freedom Rank,Total,97.0,95.0,75.0,95.0,67.0,49.0,53.0,62.0,60.0,79.0,83.0,76.0,80.0,88.0,86.0,86.0,76.0,71.0,74.0,100.0,70.0
THA,Thailand,32416,Press Freedom Index,Total,22.75,19.67,14.0,28.0,33.5,53.5,34.5,44.0,56.83,61.5,61.4,62.06,59.93,55.47,55.31,55.69,55.9,55.06,54.78,50.15,55.24
THA,Thailand,32417,Press Freedom Rank,Total,65.0,82.0,59.0,107.0,122.0,135.0,124.0,130.0,153.0,137.0,135.0,130.0,134.0,136.0,142.0,140.0,136.0,140.0,137.0,115.0,106.0
TJK,Tajikistan,32416,Press Freedom Index,Total,28.25,34.5,27.75,33.0,30.0,37.0,25.5,32.0,34.5,56.0,64.29,65.14,63.81,49.66,49.73,49.94,45.98,44.66,44.48,40.26,39.06
TJK,Tajikistan,32417,Press Freedom Rank,Total,86.0,113.0,95.0,113.0,117.0,115.0,106.0,113.0,115.0,123.0,123.0,115.0,116.0,150.0,149.0,149.0,161.0,161.0,162.0,152.0,153.0
TKM,Turkmenistan,32416,Press Freedom Index,Total,91.5,82.83,99.83,93.5,98.5,103.75,95.5,107.0,95.33,140.67,20.86,19.19,19.17,16.56,15.81,15.8,14.56,14.56,19.97,25.01,25.82
TKM,Turkmenistan,32417,Press Freedom Rank,Total,136.0,158.0,164.0,165.0,167.0,167.0,171.0,173.0,176.0,177.0,177.0,178.0,178.0,178.0,178.0,178.0,180.0,179.0,178.0,177.0,176.0
TLS,Timor-Leste,32416,Press Freedom Index,Total,,5.5,13.5,13.5,18.5,27.0,13.75,16.0,25.0,30.0,71.28,70.96,67.37,67.98,67.18,69.19,70.07,70.1,70.89,81.89,84.49
TLS,Timor-Leste,32417,Press Freedom Rank,Total,,30.0,57.0,58.0,83.0,94.0,65.0,72.0,94.0,88.0,90.0,77.0,103.0,99.0,98.0,95.0,84.0,78.0,71.0,17.0,10.0
TON,Tonga,32416,Press Freedom Index,Total,,,38.17,14.5,13.0,38.25,18.0,,23.75,21.0,73.3,73.3,76.63,78.76,75.03,74.32,74.59,72.73,75.41,69.74,71.29
TON,Tonga,32417,Press Freedom Rank,Total,,,119.0,63.0,56.0,119.0,82.0,,89.0,65.0,66.0,63.0,44.0,37.0,49.0,51.0,45.0,50.0,46.0,49.0,44.0
TTO,Trinidad and Tobago,32416,Press Freedom Index,Total,,1.0,2.0,2.0,5.0,5.0,6.13,7.0,8.5,15.0,76.88,76.72,77.61,76.71,79.38,77.21,75.26,76.78,78.45,78.68,76.54
TTO,Trinidad and Tobago,32417,Press Freedom Rank,Total,,5.0,11.0,12.0,22.0,19.0,27.0,28.0,30.0,51.0,44.0,43.0,41.0,44.0,34.0,39.0,39.0,36.0,31.0,25.0,30.0
TUN,Tunisia,32416,Press Freedom Index,Total,67.75,50.83,62.67,57.5,53.75,57.0,48.1,61.5,72.5,60.25,60.07,61.31,61.32,68.4,67.78,69.09,70.39,70.55,70.47,58.49,50.11
TUN,Tunisia,32417,Press Freedom Rank,Total,128.0,149.0,152.0,147.0,148.0,145.0,143.0,154.0,164.0,134.0,138.0,133.0,126.0,96.0,97.0,97.0,72.0,72.0,73.0,94.0,121.0
TUR,Turkiye,32416,Press Freedom Index,Total,33.5,35.0,37.25,25.0,25.0,31.25,22.75,38.25,49.25,70.0,53.44,54.13,55.84,49.24,47.02,46.5,47.19,49.98,50.21,41.25,33.97
TUR,Turkiye,32417,Press Freedom Rank,Total,100.0,115.0,113.0,98.0,100.0,101.0,102.0,122.0,138.0,148.0,154.0,154.0,149.0,151.0,155.0,157.0,157.0,154.0,153.0,149.0,165.0
TWN,"Taiwan, China",32416,Press Freedom Index,Total,9.0,12.0,14.25,12.25,10.5,10.0,8.0,15.08,14.5,13.0,76.18,76.18,75.17,75.63,75.63,76.64,75.02,76.24,76.14,74.08,75.54
TWN,"Taiwan, China",32417,Press Freedom Rank,Total,35.0,61.0,60.0,51.0,43.0,32.0,36.0,59.0,48.0,46.0,47.0,50.0,51.0,51.0,45.0,42.0,42.0,43.0,43.0,38.0,35.0
TZA,Tanzania,32416,Press Freedom Index,Total,21.25,16.5,14.5,17.5,19.82,18.0,15.0,15.5,13.0,6.0,72.66,72.7,71.91,71.35,69.35,69.35,63.72,59.75,59.31,48.28,44.02
TZA,Tanzania,32417,Press Freedom Rank,Total,62.0,69.0,61.0,74.0,88.0,55.0,70.0,62.0,41.0,34.0,70.0,69.0,75.0,71.0,83.0,93.0,118.0,124.0,124.0,123.0,143.0
UGA,Uganda,32416,Press Freedom Index,Total,17.0,25.75,24.0,19.25,29.83,28.0,26.0,21.5,25.5,64.0,68.31,66.71,68.35,67.42,64.06,63.23,60.58,59.05,58.81,46.35,46.08
UGA,Uganda,32417,Press Freedom Rank,Total,52.0,91.0,86.0,80.0,116.0,96.0,107.0,86.0,96.0,139.0,104.0,110.0,97.0,102.0,112.0,117.0,125.0,125.0,125.0,132.0,133.0
UKR,Ukraine,32416,Press Freedom Index,Total,40.0,40.0,51.0,32.5,26.5,26.75,19.25,22.0,46.83,54.0,63.21,63.07,60.9,67.07,66.81,68.84,67.54,67.48,67.04,55.76,61.19
UKR,Ukraine,32417,Press Freedom Rank,Total,112.0,132.0,138.0,112.0,106.0,92.0,87.0,89.0,131.0,116.0,126.0,127.0,129.0,107.0,102.0,101.0,102.0,96.0,97.0,106.0,79.0
URY,Uruguay,32416,Press Freedom Index,Total,6.0,4.0,10.0,9.75,13.75,11.75,8.33,7.63,11.75,4.25,84.08,83.92,84.06,84.12,82.57,84.44,83.94,84.21,83.62,72.03,70.33
URY,Uruguay,32417,Press Freedom Rank,Total,23.0,25.0,42.0,46.0,57.0,37.0,43.0,29.0,37.0,32.0,27.0,26.0,23.0,20.0,25.0,20.0,19.0,19.0,18.0,44.0,52.0
USA,United States,32416,Press Freedom Index,Total,4.75,,,,,,,,,,81.78,76.51,75.59,77.51,76.12,76.27,74.31,76.15,76.07,72.74,71.22
USA,United States,32417,Press Freedom Rank,Total,17.0,,,,,,,,,,32.0,46.0,49.0,41.0,43.0,45.0,48.0,45.0,44.0,42.0,45.0
UZB,Uzbekistan,32416,Press Freedom Index,Total,45.0,61.5,52.13,66.5,71.0,74.88,62.7,67.67,71.5,83.0,39.61,38.99,38.86,38.85,33.89,39.16,46.48,46.93,49.26,45.74,45.73
UZB,Uzbekistan,32417,Press Freedom Rank,Total,120.0,154.0,142.0,155.0,158.0,160.0,162.0,160.0,163.0,157.0,164.0,166.0,166.0,166.0,169.0,165.0,160.0,156.0,157.0,133.0,137.0
VEN,"Venezuela, RB",32416,Press Freedom Index,Total,25.0,27.83,24.63,23.0,29.0,36.88,27.33,39.5,47.33,55.0,65.56,64.63,59.39,55.23,57.06,53.97,50.9,54.34,52.4,37.78,36.99
VEN,"Venezuela, RB",32417,Press Freedom Rank,Total,77.0,96.0,90.0,90.0,115.0,114.0,113.0,124.0,134.0,120.0,117.0,116.0,137.0,139.0,137.0,143.0,148.0,147.0,148.0,159.0,159.0
VNM,Vietnam,32416,Press Freedom Index,Total,81.25,89.17,86.88,73.25,67.25,79.25,86.17,81.67,75.75,114.0,28.22,27.64,27.37,25.73,26.04,24.95,25.07,25.29,21.54,26.11,24.58
VNM,Vietnam,32417,Press Freedom Rank,Total,131.0,159.0,161.0,158.0,155.0,162.0,168.0,166.0,165.0,172.0,172.0,174.0,175.0,175.0,175.0,175.0,176.0,175.0,175.0,174.0,178.0
WSM,Samoa,32416,Press Freedom Index,Total,,,,,,,,,33.0,17.0,76.16,77.98,77.68,81.2,83.59,83.31,81.75,81.75,80.76,71.39,82.15
WSM,Samoa,32417,Press Freedom Rank,Total,,,,,,,,,111.0,56.0,48.0,40.0,40.0,29.0,21.0,22.0,22.0,21.0,21.0,45.0,19.0
XKX,Kosovo,32416,Press Freedom Index,Total,,,,25.75,16.0,19.75,12.0,16.58,24.83,30.0,71.53,70.71,69.37,69.5,69.55,70.39,70.32,70.67,69.68,67.0,68.38
XKX,Kosovo,32417,Press Freedom Rank,Total,,,,100.0,71.0,60.0,58.0,75.0,92.0,87.0,85.0,80.0,87.0,90.0,82.0,78.0,75.0,70.0,78.0,61.0,56.0
YEM,"Yemen, Rep.",32416,Press Freedom Index,Total,34.75,41.83,48.0,46.25,54.0,56.67,59.0,83.38,82.13,101.0,30.78,32.74,33.64,32.93,34.2,37.77,38.34,41.75,37.65,29.14,32.78
YEM,"Yemen, Rep.",32417,Press Freedom Rank,Total,103.0,136.0,135.0,136.0,150.0,143.0,155.0,167.0,170.0,171.0,169.0,167.0,168.0,170.0,166.0,167.0,168.0,167.0,169.0,169.0,168.0
ZAF,South Africa,32416,Press Freedom Index,Total,7.5,3.33,5.0,6.5,11.25,13.0,8.0,8.5,12.0,12.0,75.44,76.81,77.94,78.08,79.88,79.61,77.81,77.59,78.41,75.56,78.6
ZAF,South Africa,32417,Press Freedom Rank,Total,26.0,21.0,26.0,31.0,44.0,43.0,36.0,33.0,38.0,42.0,52.0,42.0,39.0,39.0,31.0,28.0,31.0,31.0,32.0,35.0,25.0
ZMB,Zambia,32416,Press Freedom Index,Total,26.75,23.25,29.75,23.0,22.5,21.5,15.5,26.75,22.0,30.0,72.07,69.11,65.65,64.92,63.52,64.64,63.62,63.0,61.79,55.4,59.41
ZMB,Zambia,32417,Press Freedom Rank,Total,81.0,86.0,100.0,90.0,94.0,68.0,74.0,97.0,82.0,89.0,72.0,93.0,113.0,114.0,114.0,113.0,119.0,120.0,115.0,109.0,87.0
ZWE,Zimbabwe,32416,Press Freedom Index,Total,48.25,45.5,67.5,64.25,50.0,62.0,54.0,46.5,39.5,55.0,61.88,60.81,60.81,59.59,58.56,59.47,57.77,59.05,56.88,44.94,48.17
ZWE,Zimbabwe,32417,Press Freedom Rank,Total,123.0,141.0,155.0,153.0,140.0,149.0,151.0,136.0,123.0,121.0,133.0,135.0,131.0,124.0,128.0,126.0,127.0,126.0,130.0,137.0,126.0
